slug,vendor,title,price,collection,images
gala-makras-diarkeias-plires-35-lipara-1-lt,-,ΓΑΛΑ ΜΑΚΡΑΣ ΔΙΑΡΚΕΙΑΣ ΠΛΗΡΕΣ 3.5% ΛΙΠΑΡΑ 1 LT,1.66,Γαλακτοκομικά & Είδη Ψυγείου,8892206972958.jpg
delta-frgala-plires-2ltsmart-fraoula-240-2lt-smart-fraoula,-,ΔΕΛΤΑ ΦΡ.ΓΑΛΑ ΠΛΗΡΕΣ 2LT+SMART ΦΡΑΟΥΛΑ 240 2LT +SMART ΦΡΑΟΥΛΑ,2.18,Γαλακτοκομικά & Είδη Ψυγείου,product-no-image.svg
auga-medium-5363-gr-12-tem,365,ΑΥΓΑ MEDIUM 53/63 GR 12 ΤΕΜ,2.62,Γαλακτοκομικά & Είδη Ψυγείου,8905607839774.jpg
margarini-soft-500-gr,365,ΜΑΡΓΑΡΙΝΗ ΣΟΦΤ 500 GR,1.39,Γαλακτοκομικά & Είδη Ψυγείου,8891913830430.jpg
giaourti-leuko-straggisto-2-lipara-2-x-200-gr,ACTIVIA,ΓΙΑΟΥΡΤΙ ΛΕΥΚΟ ΣΤΡΑΓΓΙΣΤΟ 2% ΛΙΠΑΡΑ 2 X 200 GR,2.53,Γαλακτοκομικά & Είδη Ψυγείου,8896242778142.jpg
epidorpio-giaourtiou-aktinidio-2-x-200-gr,ACTIVIA,ΕΠΙΔΟΡΠΙΟ ΓΙΑΟΥΡΤΙΟΥ ΑΚΤΙΝΙΔΙΟ 2 Χ 200 GR,2.6,Γαλακτοκομικά & Είδη Ψυγείου,8896243105822.jpg
epidorpio-giaourtiou-damaskino-2-x-200-gr,ACTIVIA,ΕΠΙΔΟΡΠΙΟ ΓΙΑΟΥΡΤΙΟΥ ΔΑΜΑΣΚΗΝΟ 2 Χ 200 GR,2.6,Γαλακτοκομικά & Είδη Ψυγείου,8896243531806.jpg
epidorpio-giaourtiou-karydi-kai-bromi-2-x-200-gr,ACTIVIA,ΕΠΙΔΟΡΠΙΟ ΓΙΑΟΥΡΤΙΟΥ ΚΑΡΥΔΙ ΚΑΙ ΒΡΩΜΗ 2 Χ 200 GR,2.6,Γαλακτοκομικά & Είδη Ψυγείου,8896243793950.jpg
epidorpio-giaourtiou-lemoni-2-x-200-gr,ACTIVIA,ΕΠΙΔΟΡΠΙΟ ΓΙΑΟΥΡΤΙΟΥ ΛΕΜΟΝΙ 2 Χ 200 GR,2.6,Γαλακτοκομικά & Είδη Ψυγείου,8896270041118.jpg
epidorpio-giaourtiou-mousli-kai-kranmperry-168-gr,ACTIVIA,ΕΠΙΔΟΡΠΙΟ ΓΙΑΟΥΡΤΙΟΥ ΜΟΥΣΛΙ ΚΑΙ ΚΡΑΝΜΠΕΡΡΥ 168 GR,1.18,Γαλακτοκομικά & Είδη Ψυγείου,8954941833246.jpg
epidorpio-giaourtiou-rodakino-2-x-200-gr,ACTIVIA,ΕΠΙΔΟΡΠΙΟ ΓΙΑΟΥΡΤΙΟΥ ΡΟΔΑΚΙΝΟ 2 Χ 200 GR,2.6,Γαλακτοκομικά & Είδη Ψυγείου,8896243302430.jpg
epidorpio-giaourtiou-tragani-apolausi-200-gr,ACTIVIA,ΕΠΙΔΟΡΠΙΟ ΓΙΑΟΥΡΤΙΟΥ ΤΡΑΓΑΝΗ ΑΠΟΛΑΥΣΗ 200 GR,0.98,Γαλακτοκομικά & Είδη Ψυγείου,8893485023262.jpg
epidorpio-giaourtiou-tragani-apolausi-meli-kai-amygdala-198-gr,ACTIVIA,ΕΠΙΔΟΡΠΙΟ ΓΙΑΟΥΡΤΙΟΥ ΤΡΑΓΑΝΗ ΑΠΟΛΑΥΣΗ ΜΕΛΙ ΚΑΙ ΑΜΥΓΔΑΛΑ 198 GR,1.18,Γαλακτοκομικά & Είδη Ψυγείου,8894981668894.jpg
epidorpio-giaourtiou-fraoula-2-x-200-gr,ACTIVIA,ΕΠΙΔΟΡΠΙΟ ΓΙΑΟΥΡΤΙΟΥ ΦΡΑΟΥΛΑ 2 Χ 200 GR,2.6,Γαλακτοκομικά & Είδη Ψυγείου,8896242974750.jpg
rofima-amygdalo-800-ml,ADEZ,ΡΟΦΗΜΑ ΑΜΥΓΔΑΛΟ 800 ML,3,Γαλακτοκομικά & Είδη Ψυγείου,8972811468830.jpg
rofima-sogias-800ml,ADEZ,ΡΟΦΗΜΑ ΣΟΓΙΑΣ 800ML,2.6,Γαλακτοκομικά & Είδη Ψυγείου,8972831588382.jpg
boutyro-galaktos-paketo-250-g,ADORO,ΒΟΥΤΥΡΟ ΓΑΛΑΚΤΟΣ ΠΑΚΕΤΟ 250 G,2.94,Γαλακτοκομικά & Είδη Ψυγείου,8893804937246.jpg
krema-galaktos-3-x-200ml-prosfora-2-1-doro,ADORO,ΚΡΕΜΑ ΓΑΛΑΚΤΟΣ 3 Χ 200ML ΠΡΟΣΦΟΡΑ 2 + 1 ΔΩΡΟ,2.83,Γαλακτοκομικά & Είδη Ψυγείου,8955090042910.jpg
krema-galaktos-35-lipara-200-ml,ADORO,ΚΡΕΜΑ ΓΑΛΑΚΤΟΣ 35 % ΛΙΠΑΡΑ 200 ML,1.67,Γαλακτοκομικά & Είδη Ψυγείου,8893612097566.jpg
krema-galaktos-35-lipara-200ml-21,ADORO,ΚΡΕΜΑ ΓΑΛΑΚΤΟΣ 35% ΛΙΠΑΡΑ 200ML 2+1,3.34,Γαλακτοκομικά & Είδη Ψυγείου,8955094106142.jpg
krema-galaktos-gia-zymarika-3-x-200-ml-prosfora-2-syn-1-doro,ADORO,ΚΡΕΜΑ ΓΑΛΑΚΤΟΣ ΓΙΑ ΖΥΜΑΡΙΚΑ 3 Χ 200 ML ΠΡΟΣΦΟΡΑ 2 ΣΥΝ 1 ΔΩΡΟ,3.92,Γαλακτοκομικά & Είδη Ψυγείου,8955086307358.jpg
gala-ypsilis-pasteriosis-paidiko-me-80-ligoteri-laktozi-1-lt,ADVANCE,ΓΑΛΑ ΥΨΗΛΗΣ ΠΑΣΤΕΡΙΩΣΗΣ ΠΑΙΔΙΚΟ ΜΕ 80% ΛΙΓΟΤΕΡΗ ΛΑΚΤΟΖΗ 1 LT,2.08,Γαλακτοκομικά & Είδη Ψυγείου,8892949626910.jpg
gala-ypsilis-pasteriosis-paidiko-fiali-1-lt,ADVANCE,ΓΑΛΑ ΥΨΗΛΗΣ ΠΑΣΤΕΡΙΩΣΗΣ ΠΑΙΔΙΚΟ ΦΙΑΛΗ 1 LT,1.68,Γαλακτοκομικά & Είδη Ψυγείου,8894028185630.jpg
gala-fresko-paidiko-1-lt,ADVANCE,ΓΑΛΑ ΦΡΕΣΚΟ ΠΑΙΔΙΚΟ 1 LT,1.72,Γαλακτοκομικά & Είδη Ψυγείου,8894670962718.jpg
epidorpio-sogia-sokolota-4-x-125-g,ALPRO,ΕΠΙΔΟΡΠΙO ΣΟΓΙΑ ΣΟΚΟΛΟΤΑ 4 X 125 G,2.8,Γαλακτοκομικά & Είδη Ψυγείου,8891599355934.jpg
epidorpio-sogias-banilia-4-x-125-g,ALPRO,ΕΠΙΔΟΡΠΙO ΣΟΓΙΑΣ ΒΑΝΙΛΙΑ 4 Χ 125 G,2.8,Γαλακτοκομικά & Είδη Ψυγείου,8893014999070.jpg
mi-galaktokomika-rofimata-sogias-250-m,ALPRO,ΜΗ ΓΑΛΑΚΤΟΚΟΜΙΚΑ ΡΟΦΗΜΑΤΑ ΣΟΓΙΑΣ 250 M,2.52,Γαλακτοκομικά & Είδη Ψυγείου,8962187919390.jpg
rofima-amygdalo-1-lt,ALPRO,ΡΟΦΗΜΑ ΑΜΥΓΔΑΛΟ 1 LT,2.96,Γαλακτοκομικά & Είδη Ψυγείου,8892297740318.jpg
rofima-amygdalou-me-sokolata-1-lt,ALPRO,ΡΟΦΗΜΑ ΑΜΥΓΔΑΛΟΥ ΜΕ ΣΟΚΟΛΑΤΑ 1 LT,3.5,Γαλακτοκομικά & Είδη Ψυγείου,8954848378910.jpg
rofima-amygdalou-xoris-zaxari-1-lt,ALPRO,ΡΟΦΗΜΑ ΑΜΥΓΔΑΛΟΥ ΧΩΡΙΣ ΖΑΧΑΡΗ 1 LT,2.96,Γαλακτοκομικά & Είδη Ψυγείου,8942678867998.jpg
rofima-karydas-1-lt,ALPRO,ΡΟΦΗΜΑ ΚΑΡΥΔΑΣ 1 LT,2.96,Γαλακτοκομικά & Είδη Ψυγείου,8941529006110.jpg
rofima-ryziou-1-lt,ALPRO,ΡΟΦΗΜΑ ΡΥΖΙΟΥ 1 LT,2.92,Γαλακτοκομικά & Είδη Ψυγείου,8941527367710.jpg
rofima-sogias-natural-1-lt,ALPRO,ΡΟΦΗΜΑ ΣΟΓΙΑΣ NATURAL 1 LT,2.7,Γαλακτοκομικά & Είδη Ψυγείου,8941509345310.jpg
rofima-sogias-banilia-1-lt,ALPRO,ΡΟΦΗΜΑ ΣΟΓΙΑΣ ΒΑΝΙΛΙΑ 1 LT,2.88,Γαλακτοκομικά & Είδη Ψυγείου,8941506199582.jpg
rofima-sogias-sokolata-1-lt,ALPRO,ΡΟΦΗΜΑ ΣΟΓΙΑΣ ΣΟΚΟΛΑΤΑ 1 LT,2.88,Γαλακτοκομικά & Είδη Ψυγείου,8941504626718.jpg
xymos-froutopoto-proino-250-ml,AMITA ΠΡΩΙΝΟ,ΧΥΜΟΣ ΦΡΟΥΤΟΠΟΤΟ ΠΡΩΪΝΟ 250 ML,1.07,Γαλακτοκομικά & Είδη Ψυγείου,8894456004638.jpg
epidorpio-galaktos-protein-200-g,ARLA,ΕΠΙΔΟΡΠΙΟ ΓΑΛΑΚΤΟΣ PROTEIN 200 G,1.48,Γαλακτοκομικά & Είδη Ψυγείου,8910156955678.jpg
epidorpio-galaktos-myrtilo-protein-200-g,ARLA,ΕΠΙΔΟΡΠΙΟ ΓΑΛΑΚΤΟΣ ΜΥΡΤΙΛΟ PROTEIN 200 G,1.48,Γαλακτοκομικά & Είδη Ψυγείου,8910168490014.jpg
epidorpio-galaktos-fraoula-protein-200-g,ARLA,ΕΠΙΔΟΡΠΙΟ ΓΑΛΑΚΤΟΣ ΦΡΑΟΥΛΑ PROTEIN 200 G,1.48,Γαλακτοκομικά & Είδη Ψυγείου,8910172618782.jpg
krema-galaktos-3-x-200-ml-prosfora-2-1-doro,ARLA,ΚΡΕΜΑ ΓΑΛΑΚΤΟΣ 3 Χ 200 ML ΠΡΟΣΦΟΡΑ 2 + 1 ΔΩΡΟ,2.84,Γαλακτοκομικά & Είδη Ψυγείου,8955102494750.jpg
krema-galaktos-36-lipara-3-x-200m,ARLA,ΚΡΕΜΑ ΓΑΛΑΚΤΟΣ 36% ΛΙΠΑΡΑ 3 Χ 200M,5.46,Γαλακτοκομικά & Είδη Ψυγείου,8955081326622.jpg
krema-galaktos-uht-36-lipara-200-m,ARLA,ΚΡΕΜΑ ΓΑΛΑΚΤΟΣ UHT 36% ΛΙΠΑΡΑ 200 M,2.32,Γαλακτοκομικά & Είδη Ψυγείου,8968765702174.jpg
sokolatouxo-gala-protein-470-m,ARLA,ΣΟΚΟΛΑΤΟΥΧΟ ΓΑΛΑ PROTEIN 470 M,2.36,Γαλακτοκομικά & Είδη Ψυγείου,8892193505310.jpg
sokolatouxo-gala-protein-50-ligoteri-zaxari-500-g,ARLA,ΣΟΚΟΛΑΤΟΥΧΟ ΓΑΛΑ PROTEIN 50% ΛΙΓΟΤΕΡΗ ΖΑΧΑΡΗ 500 G,2.36,Γαλακτοκομικά & Είδη Ψυγείου,8895434784798.jpg
gala-ypsilis-thermikis-epeksergasias-0-lipara-1,BECEL PRO ACTIV,ΓΑΛΑ ΥΨΗΛΗΣ ΘΕΡΜΙΚΗΣ ΕΠΕΞΕΡΓΑΣΙΑΣ 0% ΛΙΠΑΡΑ 1,2.3,Γαλακτοκομικά & Είδη Ψυγείου,8954844905502.jpg
gala-ypsilis-thermikis-epeksergasias-1,BECEL PRO ACTIV,ΓΑΛΑ ΥΨΗΛΗΣ ΘΕΡΜΙΚΗΣ ΕΠΕΞΕΡΓΑΣΙΑΣ 1,2.3,Γαλακτοκομικά & Είδη Ψυγείου,8954937835550.jpg
margarini-250-g,BECEL PRO ACTIV,ΜΑΡΓΑΡΙΝΗ 250 G,3.42,Γαλακτοκομικά & Είδη Ψυγείου,8934631014430.jpg
margarini-500-g,BECEL PRO ACTIV,ΜΑΡΓΑΡΙΝΗ 500 G,5.7,Γαλακτοκομικά & Είδη Ψυγείου,8934644449310.jpg
margarini-light-250-g,BECEL PRO ACTIV,ΜΑΡΓΑΡΙΝΗ LIGHT 250 G,3.65,Γαλακτοκομικά & Είδη Ψυγείου,8934651461662.jpg
margarini-me-elaiolado-250-g,BECEL PRO ACTIV,ΜΑΡΓΑΡΙΝΗ ΜΕ ΕΛΑΙΟΛΑΔO 250 G,3.61,Γαλακτοκομικά & Είδη Ψυγείου,8935282442270.jpg
margarini-me-elaiolado-500-g,BECEL PRO ACTIV,ΜΑΡΓΑΡΙΝΗ ΜΕ ΕΛΑΙΟΛΑΔO 500 G,5.7,Γαλακτοκομικά & Είδη Ψυγείου,8934646022174.jpg
margarini-me-epipleon-fytikes-steroles-225-g,BECEL PRO ACTIV,ΜΑΡΓΑΡΙΝΗ ΜΕ ΕΠΙΠΛΕΟΝ ΦΥΤΙΚΕΣ ΣΤΕΡΟΛΕΣ 225 G,3.41,Γαλακτοκομικά & Είδη Ψυγείου,8943730753566.jpg
rofima-giaourtiou-4-x-100-g,BECEL PRO ACTIV,ΡΟΦΗΜΑ ΓΙΑΟΥΡΤΙΟΥ 4 Χ 100 G,3.43,Γαλακτοκομικά & Είδη Ψυγείου,8892847718430.jpg
rofima-giaourtiou-rodi-4-x-100-g,BECEL PRO ACTIV,ΡΟΦΗΜΑ ΓΙΑΟΥΡΤΙΟΥ ΡΟΔΙ 4 Χ 100 G,3.4,Γαλακτοκομικά & Είδη Ψυγείου,8894719426590.jpg
rofima-giaourtiou-fraoula-4-x-100-g,BECEL PRO ACTIV,ΡΟΦΗΜΑ ΓΙΑΟΥΡΤΙΟΥ ΦΡΑΟΥΛΑ 4 Χ 100 G,3.43,Γαλακτοκομικά & Είδη Ψυγείου,8893105635358.jpg
margarini-250-gr,BENECOL,ΜΑΡΓΑΡΙΝΗ 250 GR,3,Γαλακτοκομικά & Είδη Ψυγείου,8893804445726.jpg
margarini-benecol-max-klasiko-225-gr,BENECOL,ΜΑΡΓΑΡΙΝΗ BENECOL ΜΑΧ ΚΛΑΣΙΚΟ 225 GR,3.7,Γαλακτοκομικά & Είδη Ψυγείου,8893148921886.jpg
margarini-me-elaiolado-225-gr,BENECOL,ΜΑΡΓΑΡΙΝΗ ΜΕ ΕΛΑΙΟΛΑΔΟ 225 GR,3.88,Γαλακτοκομικά & Είδη Ψυγείου,8954899693598.jpg
margarini-me-elaiolado-250-gr,BENECOL,ΜΑΡΓΑΡΙΝΗ ΜΕ ΕΛΑΙΟΛΑΔΟ 250 GR,3.25,Γαλακτοκομικά & Είδη Ψυγείου,8910714306590.jpg
gala-ypsilis-pasteriosis-sokolatouxo-fiali-500-m,CHOCO COOL,ΓΑΛΑ ΥΨΗΛΗΣ ΠΑΣΤΕΡΙΩΣΗΣ ΣΟΚΟΛΑΤΟΥΧΟ ΦΙΑΛΗ 500 M,1.47,Γαλακτοκομικά & Είδη Ψυγείου,8957604790302.jpg
giaourti-leuko-2-lipara-1-kgr,COMPLET | PLUS,ΓΙΑΟΥΡΤΙ ΛΕΥΚΟ 2% ΛΙΠΑΡΑ 1 KGR,4.35,Γαλακτοκομικά & Είδη Ψυγείου,8892335685662.jpg
epidorpio-giaourtiou-10-lipara-1-kgr,COMPLET | PLUS,ΕΠΙΔΟΡΠΙΟ ΓΙΑΟΥΡΤΙΟΥ 10% ΛΙΠΑΡΑ 1 KGR,4.35,Γαλακτοκομικά & Είδη Ψυγείου,8896240844830.jpg
oikgiaour-1kg-145,COMPLET,ΟΙΚ.ΓΙΑΟΥΡ 1KG - 1.45,2.9,Γαλακτοκομικά & Είδη Ψυγείου,product-no-image.svg
oikgiaour-2-1kg-145,COMPLET,ΟΙΚ.ΓΙΑΟΥΡ 2% 1KG 1.45,2.9,Γαλακτοκομικά & Είδη Ψυγείου,product-no-image.svg
gala-ypsilis-pasteriosis-40-perissotero-asbestio-1-lt,DAILY,ΓΑΛΑ ΥΨΗΛΗΣ ΠΑΣΤΕΡΙΩΣΗΣ 40% ΠΕΡΙΣΣΟΤΕΡΟ ΑΣΒΕΣΤΙΟ 1 LT,2.22,Γαλακτοκομικά & Είδη Ψυγείου,8894922162206.jpg
gala-fresko-0-lipara-kai-bitamines-1-lt,DAILY,ΓΑΛΑ ΦΡΕΣΚΟ 0% ΛΙΠΑΡΑ ΚΑΙ ΒΙΤΑΜΙΝΕΣ 1 LT,2.26,Γαλακτοκομικά & Είδη Ψυγείου,8954855194654.jpg
epidorpio-banilia-4-x-125-gr,DANETTE,ΕΠΙΔΟΡΠΙΟ ΒΑΝΙΛΙΑ 4 Χ 125 GR,2.95,Γαλακτοκομικά & Είδη Ψυγείου,8894991990814.jpg
epidorpio-karamele-4-x-125-gr,DANETTE,ΕΠΙΔΟΡΠΙΟ ΚΑΡΑΜΕΛΕ 4 Χ 125 GR,2.95,Γαλακτοκομικά & Είδη Ψυγείου,8892390375454.jpg
epidorpio-sokolata-4-x-125-gr,DANETTE,ΕΠΙΔΟΡΠΙΟ ΣΟΚΟΛΑΤΑ 4 X 125 GR,2.95,Γαλακτοκομικά & Είδη Ψυγείου,8894548738078.jpg
giaourtopoto-mpanana-4-x-100-gr,DANONINO,ΓΙΑΟΥΡΤΟΠΟΤΟ ΜΠΑΝΑΝΑ 4 Χ 100 GR,2.48,Γαλακτοκομικά & Είδη Ψυγείου,8905058975774.jpg
paidiko-giaourti-mix-fraoula-mpanana-berikoko-fraoula-mpanana-berikoko-6x5gr,DANONINO,ΠΑΙΔΙΚΟ ΓΙΑΟΥΡΤΙ MIX ΦΡΑΟΥΛΑ MΠΑΝΑΝΑ ΒΕΡΙΚΟΚΟ ΦΡΑΟΥΛΑ MΠΑΝΑΝΑ ΒΕΡΙΚΟΚΟ 6X5GR,1.98,Γαλακτοκομικά & Είδη Ψυγείου,8905300803614.jpg
rofima-giaourtiou-fraoula-4-x-947-ml,DANONINO,ΡΟΦΗΜΑ ΓΙΑΟΥΡΤΙΟΥ ΦΡΑΟΥΛΑ 4 Χ 94.7 ML,2.48,Γαλακτοκομικά & Είδη Ψυγείου,8905066774558.jpg
gala-makras-diarkeias-elafry-15-1,ENNSTAL,ΓΑΛΑ ΜΑΚΡΑΣ ΔΙΑΡΚΕΙΑΣ ΕΛΑΦΡΥ 1.5% 1,1.48,Γαλακτοκομικά & Είδη Ψυγείου,8895097602078.jpg
sour-cream-200-m,EURIAL,SOUR CREAM 200 M,2.67,Γαλακτοκομικά & Είδη Ψυγείου,8808737865758.jpg
margarini-soft-225-g,FLORA,ΜΑΡΓΑΡΙΝΗ SOFT 225 G,2.38,Γαλακτοκομικά & Είδη Ψυγείου,8954958020638.jpg
margarini-soft-450-g,FLORA,ΜΑΡΓΑΡΙΝΗ SOFT 450 G,4.08,Γαλακτοκομικά & Είδη Ψυγείου,8954835927070.jpg
margarini-me-boutyro-225-g,FLORA,ΜΑΡΓΑΡΙΝΗ ΜΕ ΒΟΥΤΥΡΟ 225 G,2.48,Γαλακτοκομικά & Είδη Ψυγείου,8954925514782.jpg
margarini-paketo-250-g,FLORA,ΜΑΡΓΑΡΙΝΗ ΠΑΚΕΤΟ 250 G,2.48,Γαλακτοκομικά & Είδη Ψυγείου,8895415582750.jpg
freskos-xymos-nektar-kokkina-frouta-1,FRULITE,ΦΡΕΣΚΟΣ ΧΥΜΟΣ ΝΕΚΤΑΡ KOKKINA ΦΡΟΥΤΑ 1,1.68,Γαλακτοκομικά & Είδη Ψυγείου,8895628050462.jpg
freskos-xymos-nektar-ananas-karyda-1,FRULITE,ΦΡΕΣΚΟΣ ΧΥΜΟΣ ΝΕΚΤΑΡ ΑΝΑΝΑΣ ΚΑΡΥΔΑ 1,1.68,Γαλακτοκομικά & Είδη Ψυγείου,8891856715806.jpg
freskos-xymos-nektar-karoto-portokali-mangko-froutopoto-1,FRULITE,ΦΡΕΣΚΟΣ ΧΥΜΟΣ ΝΕΚΤΑΡ ΚΑΡΟΤΟ ΠΟΡΤΟΚΑΛΙ ΜΑΝΓΚΟ ΦΡΟΥΤΟΠΟΤΟ 1,1.68,Γαλακτοκομικά & Είδη Ψυγείου,8893792649246.jpg
freskos-xymos-nektar-mantarini-sagkouini-330-m,FRULITE,ΦΡΕΣΚΟΣ ΧΥΜΟΣ ΝΕΚΤΑΡ ΜΑΝΤΑΡΙΝΙ ΣΑΓΚΟΥΪΝΙ 330 M,0.85,Γαλακτοκομικά & Είδη Ψυγείου,8892104507422.jpg
freskos-xymos-nektar-mantarini-sagkouini-froutoupoto-1,FRULITE,ΦΡΕΣΚΟΣ ΧΥΜΟΣ ΝΕΚΤΑΡ ΜΑΝΤΑΡΙΝΙ ΣΑΓΚΟΥΙΝΙ ΦΡΟΥΤΟΥΠΟΤΟ 1,1.68,Γαλακτοκομικά & Είδη Ψυγείου,8893648437278.jpg
freskos-xymos-nektar-mpanana-byssino-1,FRULITE,ΦΡΕΣΚΟΣ ΧΥΜΟΣ ΝΕΚΤΑΡ ΜΠΑΝΑΝΑ ΒΥΣΣΙΝΟ 1,1.68,Γαλακτοκομικά & Είδη Ψυγείου,8895334842398.jpg
freskos-xymos-nektar-portokali-berikoko-500-m,FRULITE,ΦΡΕΣΚΟΣ ΧΥΜΟΣ ΝΕΚΤΑΡ ΠΟΡΤΟΚΑΛΙ ΒΕΡΙΚΟΚΟ 500 M,1.4,Γαλακτοκομικά & Είδη Ψυγείου,8892705505310.jpg
freskos-xymos-nektar-portokali-kai-nektarini-500-m,FRULITE,ΦΡΕΣΚΟΣ ΧΥΜΟΣ ΝΕΚΤΑΡ ΠΟΡΤΟΚΑΛΙ ΚΑΙ ΝΕΚΤΑΡΙΝΙ 500 M,1.4,Γαλακτοκομικά & Είδη Ψυγείου,8893460545566.jpg
freskos-xymos-fysikos-mpanana-byssino-330-m,FRULITE,ΦΡΕΣΚΟΣ ΧΥΜΟΣ ΦΥΣΙΚΟΣ ΜΠΑΝΑΝΑ ΒΥΣΣΙΝΟ 330 M,0.85,Γαλακτοκομικά & Είδη Ψυγείου,8893662887966.jpg
froutopoto-portokali-fraoula-mpanana-1,FRULITE,ΦΡΟΥΤΟΠΟΤΟ ΠΟΡΤΟΚΑΛΙ ΦΡΑΟΥΛΑ ΜΠΑΝΑΝΑ 1,1.68,Γαλακτοκομικά & Είδη Ψυγείου,8894103978014.jpg
gala-ypsilis-pasteriosis-35-1l-020e,FRUTOMANIA,ΓΑΛΑ ΥΨΗΛΗΣ ΠΑΣΤΕΡΙΩΣΗΣ 3.5% 1L 0.20E,1.76,Γαλακτοκομικά & Είδη Ψυγείου,product-no-image.svg
mpanana-3x150-gr-080-3x150-080,FRUTOMANIA,ΜΠΑΝΑΝΑ 3Χ150 ΓΡ 0.80 3X150 -0.80,2.83,Γαλακτοκομικά & Είδη Ψυγείου,product-no-image.svg
fraoula-3x150-gr-080-3x150-080,FRUTOMANIA,ΦΡΑΟΥΛΑ 3Χ150 ΓΡ 0.80 3X150 -0.80,2.83,Γαλακτοκομικά & Είδη Ψυγείου,product-no-image.svg
myrtilo-0-2x170g,FRUYO,ΜΥΡΤΙΛΟ 0% 2x170G,2.52,Γαλακτοκομικά & Είδη Ψυγείου,8960731971614.jpg
gala-biologiko-elafry-16-1-lt,GRANAROLO,ΓΑΛΑ ΒΙΟΛΟΓΙΚΟ ΕΛΑΦΡΥ 1.6% 1 LT,1.87,Γαλακτοκομικά & Είδη Ψυγείου,8954491043870.jpg
1-goji-berry-2x150gr-030e-30,HARMONY,1% GOJI BERRY 2X150GR (0.30e) -30,2.24,Γαλακτοκομικά & Είδη Ψυγείου,product-no-image.svg
1kinoa-mix-berries-2x150gr-030e,HARMONY,1%KINOA & MIX BERRIES 2X150GR 0.30E,2.24,Γαλακτοκομικά & Είδη Ψυγείου,product-no-image.svg
epidorpio-giaourtiou-1-me-lemoni-3-x-200-g,HARMONY,ΕΠΙΔΟΡΠΙΟ ΓΙΑΟΥΡΤΙΟΥ 1% ΜΕ ΛΕΜΟΝΙ 3 Χ 200 G,4.2,Γαλακτοκομικά & Είδη Ψυγείου,8934050791454.jpg
epidorpio-giaourtiou-1-me-froyta-dasous-3-x-200-g,HARMONY,ΕΠΙΔΟΡΠΙΟ ΓΙΑΟΥΡΤΙΟΥ 1% ΜΕ ΦΡOYTA ΔΑΣΟΥΣ 3 Χ 200 G,4.2,Γαλακτοκομικά & Είδη Ψυγείου,8932237475870.jpg
epidorpio-giaourtiou-gourmet-portokali-165-g,HARMONY,ΕΠΙΔΟΡΠΙΟ ΓΙΑΟΥΡΤΙΟΥ GOURMET ΠΟΡΤΟΚΑΛΙ 165 G,1.52,Γαλακτοκομικά & Είδη Ψυγείου,8954852114462.jpg
amygdalo-karyda-1lt-1lt,JOYA,ΑΜΥΓΔΑΛΟ ΚΑΡΥΔΑ 1LT 1LT,2.62,Γαλακτοκομικά & Είδη Ψυγείου,8912685629470.jpg
rofima-apo-bromi-me-ladi-chia-1lt,JOYA,ΡΟΦΗΜΑ ΑΠΟ ΒΡΩΜΗ ΜΕ ΛΑΔΙ CHIA 1LT,2.95,Γαλακτοκομικά & Είδη Ψυγείου,8912672849950.jpg
rofima-sogias-me-asbestio-1-lt,JOYA,ΡΟΦΗΜΑ ΣΟΓΙΑΣ ΜΕ ΑΣΒΕΣΤΙΟ 1 LT,2.42,Γαλακτοκομικά & Είδη Ψυγείου,8910697398302.jpg
rofima-sogias-me-banilia-1-lt,JOYA,ΡΟΦΗΜΑ ΣΟΓΙΑΣ ΜΕ ΒΑΝΙΛΙΑ 1 LT,2.62,Γαλακτοκομικά & Είδη Ψυγείου,8910703362078.jpg
rofima-sogias-me-sokolata-1-lt-1-lt,JOYA,ΡΟΦΗΜΑ ΣΟΓΙΑΣ ΜΕ ΣΟΚΟΛΑΤΑ 1 LT 1 LT,2.62,Γαλακτοκομικά & Είδη Ψυγείου,8896235995166.jpg
rofima-sogias-xoris-zaxari-1-lt-1-lt,JOYA,ΡΟΦΗΜΑ ΣΟΓΙΑΣ ΧΩΡΙΣ ΖΑΧΑΡΗ 1 LT 1 LT,2.42,Γαλακτοκομικά & Είδη Ψυγείου,8977333878814.jpg
axladi-2x140gr-030e,JUNIOR,ΑΧΛΑΔΙ 2X140ΓΡ 0.30E,1.69,Γαλακτοκομικά & Είδη Ψυγείου,product-no-image.svg
banilia-2x140gr-030e,JUNIOR,ΒΑΝΙΛΙΑ 2X140ΓΡ 0.30E,1.69,Γαλακτοκομικά & Είδη Ψυγείου,product-no-image.svg
kerasi-2x140gr-030e,JUNIOR,ΚΕΡΑΣΙ 2X140ΓΡ 0.30E,1.69,Γαλακτοκομικά & Είδη Ψυγείου,product-no-image.svg
mpanana-2x140gr-030e,JUNIOR,ΜΠΑΝΑΝΑ 2X140ΓΡ 0.30E,1.69,Γαλακτοκομικά & Είδη Ψυγείου,product-no-image.svg
mpiskoto-2x140gr-030e,JUNIOR,ΜΠΙΣΚΟΤΟ 2X140ΓΡ 0.30E,1.69,Γαλακτοκομικά & Είδη Ψυγείου,product-no-image.svg
paidiko-giaourti-me-geusi-fraoula-2-x-140-g,JUNIOR,ΠΑΙΔΙΚO ΓΙΑΟΥΡΤΙ ΜΕ ΓΕΥΣΗ ΦΡΑΟΥΛΑ 2 X 140 G,1.99,Γαλακτοκομικά & Είδη Ψυγείου,8957309616158.jpg
paidika-giaourtia-axladi-2x140gr,JUNIOR,ΠΑΙΔΙΚΑ ΓΙΑΟΥΡΤΙΑ ΑΧΛΑΔΙ 2X140ΓΡ,1.99,Γαλακτοκομικά & Είδη Ψυγείου,8965692653598.jpg
paidika-giaourtia-banilia-2x140gr,JUNIOR,ΠΑΙΔΙΚΑ ΓΙΑΟΥΡΤΙΑ ΒΑΝΙΛΙΑ 2X140ΓΡ,1.99,Γαλακτοκομικά & Είδη Ψυγείου,8957603545118.jpg
paidika-giaourtia-kerasi-2x140gr,JUNIOR,ΠΑΙΔΙΚΑ ΓΙΑΟΥΡΤΙΑ ΚΕΡΑΣΙ 2X140ΓΡ,1.99,Γαλακτοκομικά & Είδη Ψυγείου,8957301489694.jpg
paidika-giaourtia-mpanana-2x140gr,JUNIOR,ΠΑΙΔΙΚΑ ΓΙΑΟΥΡΤΙΑ ΜΠΑΝΑΝΑ 2X140ΓΡ,1.99,Γαλακτοκομικά & Είδη Ψυγείου,8965706874910.jpg
paidika-giaourtia-mpiskoto-2x140gr,JUNIOR,ΠΑΙΔΙΚΑ ΓΙΑΟΥΡΤΙΑ ΜΠΙΣΚΟΤΟ 2X140ΓΡ,1.99,Γαλακτοκομικά & Είδη Ψυγείου,8957307453470.jpg
fraoula-2x140gr-030e,JUNIOR,ΦΡΑΟΥΛΑ 2X140ΓΡ 0.30E,1.69,Γαλακτοκομικά & Είδη Ψυγείου,product-no-image.svg
freskia-zymi-kourou-600-gr,KANAKI,ΦΡΕΣΚΙΑ ΖΥΜΗ ΚΟΥΡΟΥ 600 GR,5.22,Γαλακτοκομικά & Είδη Ψυγείου,8893039542302.jpg
freskia-zymi-pitsas-400-gr,KANAKI,ΦΡΕΣΚΙΑ ΖΥΜΗ ΠΙΤΣΑΣ 400 GR,2.68,Γαλακτοκομικά & Είδη Ψυγείου,8892436906014.jpg
fresko-fyllo-kroustas-450-gr,KANAKI,ΦΡΕΣΚΟ ΦΥΛΛΟ ΚΡΟΥΣΤΑΣ 450 GR,4.56,Γαλακτοκομικά & Είδη Ψυγείου,8893288415262.jpg
fresko-fyllo-sfoliatas-700-gr,KANAKI,ΦΡΕΣΚΟ ΦΥΛΛΟ ΣΦΟΛΙΑΤΑΣ 700 GR,4.12,Γαλακτοκομικά & Είδη Ψυγείου,8893454549022.jpg
paidiko-epidorpio-gkofreta-maxi-king-3-x-36-g,KINDER,ΠΑΙΔΙΚΟ ΕΠΙΔΟΡΠΙΟ ΓΚΟΦΡΕΤΑ MAXI KING 3 X 36 G,2.73,Γαλακτοκομικά & Είδη Ψυγείου,8892273164318.jpg
snak-galaktofetes-5-x-28-g,KINDER,ΣΝΑΚ ΓΑΛΑΚΤΟΦΕΤΕΣ 5 X 28 G,2.75,Γαλακτοκομικά & Είδη Ψυγείου,8892922462238.jpg
zomos-manitarion-112gr,KNORR | ΣΠΙΤΙΚΟΣ,ΖΩΜΟΣ ΜΑΝΙΤΑΡΙΩΝ 112ΓΡ,2.28,Γαλακτοκομικά & Είδη Ψυγείου,8971024695326.jpg
freskos-zomos-bodinou-112-g,KNORR | ΣΠΙΤΙΚΟΣ,ΦΡΕΣΚΟΣ ΖΩΜΟΣ ΒΟΔΙΝΟΥ 112 G,2.28,Γαλακτοκομικά & Είδη Ψυγείου,8971899568158.jpg
freskos-zomos-bodinou-224-g,KNORR | ΣΠΙΤΙΚΟΣ,ΦΡΕΣΚΟΣ ΖΩΜΟΣ ΒΟΔΙΝΟΥ 224 G,3.96,Γαλακτοκομικά & Είδη Ψυγείου,8971898322974.jpg
freskos-zomos-kotas-112-g,KNORR | ΣΠΙΤΙΚΟΣ,ΦΡΕΣΚΟΣ ΖΩΜΟΣ ΚΟΤΑΣ 112 G,2.28,Γαλακτοκομικά & Είδη Ψυγείου,8971895504926.jpg
freskos-zomos-kotas-224-g,KNORR | ΣΠΙΤΙΚΟΣ,ΦΡΕΣΚΟΣ ΖΩΜΟΣ ΚΟΤΑΣ 224 G,3.96,Γαλακτοκομικά & Είδη Ψυγείου,8971893342238.jpg
freskos-zomos-laxanikon-112-g,KNORR | ΣΠΙΤΙΚΟΣ,ΦΡΕΣΚΟΣ ΖΩΜΟΣ ΛΑΧΑΝΙΚΩΝ 112 G,2.28,Γαλακτοκομικά & Είδη Ψυγείου,8971897077790.jpg
freskos-zomos-laxanikon-224-g,KNORR | ΣΠΙΤΙΚΟΣ,ΦΡΕΣΚΟΣ ΖΩΜΟΣ ΛΑΧΑΝΙΚΩΝ 224 G,3.96,Γαλακτοκομικά & Είδη Ψυγείου,8971904548894.jpg
freskos-zomos-mpoukies-myrodikon-112-g,KNORR | ΣΠΙΤΙΚΟΣ,ΦΡΕΣΚΟΣ ΖΩΜΟΣ ΜΠΟΥΚΙΕΣ ΜΥΡΩΔΙΚΩΝ 112 G,2.28,Γαλακτοκομικά & Είδη Ψυγείου,8971914182686.jpg
zomos-spit-bodinou-224g-62doro,KNORR,ΖΩΜΟΣ ΣΠΙΤ ΒΟΔΙΝΟΥ 224G (6+2ΔΩΡΟ),2.97,Γαλακτοκομικά & Είδη Ψυγείου,product-no-image.svg
fytiki-krema-500-ml,KRETORRE,ΦΥΤΙΚΗ ΚΡΕΜΑ 500 ML,2.35,Γαλακτοκομικά & Είδη Ψυγείου,8895176638494.jpg
magia-nopi-2-x-25-g,LESSAFFRE,ΜΑΓΙΑ ΝΩΠΗ 2 X 25 G,0.38,Γαλακτοκομικά & Είδη Ψυγείου,8891866939422.jpg
freskos-xymos-fysikos-portokali-1-lt,LIFE | ΚΑΛΗΜΕΡΑ,ΦΡΕΣΚΟΣ ΧΥΜΟΣ ΦΥΣΙΚΟΣ ΠΟΡΤΟΚΑΛΙ 1 LT,2.6,Γαλακτοκομικά & Είδη Ψυγείου,8893870047262.jpg
freskos-xymos-fysikos-3-berries-1-lt,LIFE,ΦΡΕΣΚΟΣ ΧΥΜΟΣ ΦΥΣΙΚΟΣ 3 BERRIES 1 LT,2.6,Γαλακτοκομικά & Είδη Ψυγείου,8892962373662.jpg
freskos-xymos-fysikos-ananas-axladi-aktinidio-kai-ippofaes-1-lt,LIFE,ΦΡΕΣΚΟΣ ΧΥΜΟΣ ΦΥΣΙΚΟΣ ΑΝΑΝΑΣ ΑΧΛΑΔΙ ΑΚΤΙΝΙΔΙΟ ΚΑΙ ΙΠΠΟΦΑΕΣ 1 LT,2.6,Γαλακτοκομικά & Είδη Ψυγείου,8894542151710.jpg
freskos-xymos-fysikos-gkreipfrout-sagkouini-1-lt,LIFE,ΦΡΕΣΚΟΣ ΧΥΜΟΣ ΦΥΣΙΚΟΣ ΓΚΡΕΙΠΦΡΟΥΤ ΣΑΓΚΟΥΙΝΙ 1 LT,2.18,Γαλακτοκομικά & Είδη Ψυγείου,8837362876446.jpg
freskos-xymos-fysikos-portokali-1-lt,LIFE,ΦΡΕΣΚΟΣ ΧΥΜΟΣ ΦΥΣΙΚΟΣ ΠΟΡΤΟΚΑΛΙ 1 LT,2.18,Γαλακτοκομικά & Είδη Ψυγείου,8965225938974.jpg
freskos-xymos-fysikos-portokali-gkreip-frout-sangkouini-400-m,LIFE,ΦΡΕΣΚΟΣ ΧΥΜΟΣ ΦΥΣΙΚΟΣ ΠΟΡΤΟΚΑΛΙ ΓΚΡΕΪΠ ΦΡΟΥΤ ΣΑΝΓΚΟΥΪΝΙ 400 M,1.28,Γαλακτοκομικά & Είδη Ψυγείου,8893785407518.jpg
freskos-xymos-fysikos-portokali-karoto-1-lt,LIFE,ΦΡΕΣΚΟΣ ΧΥΜΟΣ ΦΥΣΙΚΟΣ ΠΟΡΤΟΚΑΛΙ ΚΑΡΟΤΟ 1 LT,2.18,Γαλακτοκομικά & Είδη Ψυγείου,8965224366110.jpg
freskos-xymos-fysikos-portokali-karoto-400-m,LIFE,ΦΡΕΣΚΟΣ ΧΥΜΟΣ ΦΥΣΙΚΟΣ ΠΟΡΤΟΚΑΛΙ ΚΑΡΟΤΟ 400 M,1.28,Γαλακτοκομικά & Είδη Ψυγείου,8895929712670.jpg
freskos-xymos-fysikos-portokali-rodi-400-m,LIFE,ΦΡΕΣΚΟΣ ΧΥΜΟΣ ΦΥΣΙΚΟΣ ΠΟΡΤΟΚΑΛΙ ΡΟΔΙ 400 M,1.28,Γαλακτοκομικά & Είδη Ψυγείου,8892717334558.jpg
freskos-xymos-fysikos-portolali-400-m,LIFE,ΦΡΕΣΚΟΣ ΧΥΜΟΣ ΦΥΣΙΚΟΣ ΠΟΡΤΟΛΑΛΙ 400 M,1.28,Γαλακτοκομικά & Είδη Ψυγείου,8891685142558.jpg
freskos-xymos-fysikos-stafyli-portokali-rodi-1-lt,LIFE,ΦΡΕΣΚΟΣ ΧΥΜΟΣ ΦΥΣΙΚΟΣ ΣΤΑΦΥΛΙ ΠΟΡΤΟΚΑΛΙ ΡΟΔΙ 1 LT,2.6,Γαλακτοκομικά & Είδη Ψυγείου,8894291017758.jpg
fysikos-xymos-rodakino-1lt,LIFE,ΦΥΣΙΚΟΣ ΧΥΜΟΣ ΡΟΔΑΚΙΝΟ 1LT,2.18,Γαλακτοκομικά & Είδη Ψυγείου,8961063878686.jpg
xymos-peponi-mpanana-stafyli-1-lt,LIFE,ΧΥΜΟΣ ΠΕΠΟΝΙ ΜΠΑΝΑΝΑ ΣΤΑΦΥΛΙ 1 LT,2.18,Γαλακτοκομικά & Είδη Ψυγείου,8961067941918.jpg
boutyro-galaktos-lighter-soft-analato-225-g,LURPAK,ΒΟΥΤΥΡΟ ΓΑΛΑΚΤΟΣ LIGHTER ΣΟΦΤ ΑΝΑΛΑΤΟ 225 G,2.98,Γαλακτοκομικά & Είδη Ψυγείου,8892063612958.jpg
boutyro-galaktos-analato-225-g,LURPAK,ΒΟΥΤΥΡΟ ΓΑΛΑΚΤΟΣ ΑΝΑΛΑΤΟ 225 G,3.42,Γαλακτοκομικά & Είδη Ψυγείου,8894408720414.jpg
boutyro-galaktos-paketo-125-g,LURPAK,ΒΟΥΤΥΡΟ ΓΑΛΑΚΤΟΣ ΠΑΚΕΤΟ 125 G,2.14,Γαλακτοκομικά & Είδη Ψυγείου,8894933499934.jpg
boutyro-galaktos-paketo-250-g,LURPAK,ΒΟΥΤΥΡΟ ΓΑΛΑΚΤΟΣ ΠΑΚΕΤΟ 250 G,3.65,Γαλακτοκομικά & Είδη Ψυγείου,8941667876894.jpg
boutyro-galaktos-soft-alatismeno-225-g,LURPAK,ΒΟΥΤΥΡΟ ΓΑΛΑΚΤΟΣ ΣΟΦΤ ΑΛΑΤΙΣΜΕΝΟ 225 G,3.62,Γαλακτοκομικά & Είδη Ψυγείου,8893130080286.jpg
boutyro-galaktos-soft-analato-500-g,LURPAK,ΒΟΥΤΥΡΟ ΓΑΛΑΚΤΟΣ ΣΟΦΤ ΑΝΑΛΑΤΟ 500 G,7.18,Γαλακτοκομικά & Είδη Ψυγείου,8892501721118.jpg
boutyro-galaktos-soft-elafry-40-lipara-225-g,LURPAK,ΒΟΥΤΥΡΟ ΓΑΛΑΚΤΟΣ ΣΟΦΤ ΕΛΑΦΡΥ 40% ΛΙΠΑΡΑ 225 G,2.98,Γαλακτοκομικά & Είδη Ψυγείου,8895955664926.jpg
boutyro-galaktos-soft-me-elaiolado-225-g,LURPAK,ΒΟΥΤΥΡΟ ΓΑΛΑΚΤΟΣ ΣΟΦΤ ΜΕ ΕΛΑΙΟΛΑΔΟ 225 G,2.98,Γαλακτοκομικά & Είδη Ψυγείου,8894270898206.jpg
boutyro-galaktos-me-xoptapika-125-gr,MEGGLE,ΒΟΥΤΥΡΟ ΓΑΛΑΚΤΟΣ ΜΕ XOPTAPIKA 125 GR,2.7,Γαλακτοκομικά & Είδη Ψυγείου,8895733923870.jpg
boutyro-galaktos-me-skordo-125-gr,MEGGLE,ΒΟΥΤΥΡΟ ΓΑΛΑΚΤΟΣ ΜΕ ΣΚΟΡΔΟ 125 GR,2.7,Γαλακτοκομικά & Είδη Ψυγείου,8891595915294.jpg
krema-galaktos-20-lipara-250-gr,MEGGLE,ΚΡΕΜΑ ΓΑΛΑΚΤΟΣ 20% ΛΙΠΑΡΑ 250 GR,2.26,Γαλακτοκομικά & Είδη Ψυγείου,8954499170334.jpg
krema-galaktos-light-250,MEGGLE,ΚΡΕΜΑ ΓΑΛΑΚΤΟΣ LIGHT 250,1.5,Γαλακτοκομικά & Είδη Ψυγείου,8892337487902.jpg
krema-galaktos-uht-500,MEGGLE,ΚΡΕΜΑ ΓΑΛΑΚΤΟΣ UHT 500,4.36,Γαλακτοκομικά & Είδη Ψυγείου,8910694580254.jpg
krema-galaktos-uht-patisserie-500,MEGGLE,ΚΡΕΜΑ ΓΑΛΑΚΤΟΣ UHT PATISSERIE 500,2.26,Γαλακτοκομικά & Είδη Ψυγείου,8892326707230.jpg
krema-galaktos-krema-galaktos-3-x-250-gr-prosfora-2-1-doro,MEGGLE,ΚΡΕΜΑ ΓΑΛΑΚΤΟΣ ΚΡΕΜΑ ΓΑΛΑΚΤΟΣ 3 Χ 250 GR ΠΡΟΣΦΟΡΑ 2 + 1 ΔΩΡΟ,4.52,Γαλακτοκομικά & Είδη Ψυγείου,8955101577246.jpg
rofima-kafe-me-imiapaxo-gala-230,MILCAFE,ΡΟΦΗΜΑ ΚΑΦΕ ΜΕ ΗΜΙΑΠΑΧΟ ΓΑΛΑ 230,1.43,Γαλακτοκομικά & Είδη Ψυγείου,8892065382430.jpg
gala-ypsilis-pasteriosis-sokolatouxo-250,MILKO,ΓΑΛΑ ΥΨΗΛΗΣ ΠΑΣΤΕΡΙΩΣΗΣ ΣΟΚΟΛΑΤΟΥΧΟ 250,0.84,Γαλακτοκομικά & Είδη Ψυγείου,8895996821534.jpg
gala-ypsilis-pasteriosis-sokolatouxo-450,MILKO,ΓΑΛΑ ΥΨΗΛΗΣ ΠΑΣΤΕΡΙΩΣΗΣ ΣΟΚΟΛΑΤΟΥΧΟ 450,1.22,Γαλακτοκομικά & Είδη Ψυγείου,8958561419294.jpg
gala-ypsilis-pasteriosis-sokolatouxo-free-fiali-500,MILKO,ΓΑΛΑ ΥΨΗΛΗΣ ΠΑΣΤΕΡΙΩΣΗΣ ΣΟΚΟΛΑΤΟΥΧΟ FREE ΦΙΑΛΗ 500,1.38,Γαλακτοκομικά & Είδη Ψυγείου,8958562664478.jpg
gala-ypsilis-pasteriosis-sokolatouxo-fiali-1-lt,MILKO,ΓΑΛΑ ΥΨΗΛΗΣ ΠΑΣΤΕΡΙΩΣΗΣ ΣΟΚΟΛΑΤΟΥΧΟ ΦΙΑΛΗ 1 LT,2.6,Γαλακτοκομικά & Είδη Ψυγείου,8958585405470.jpg
gala-ypsilis-pasteriosis-sokolatouxo-fiali-4-x-250,MILKO,ΓΑΛΑ ΥΨΗΛΗΣ ΠΑΣΤΕΡΙΩΣΗΣ ΣΟΚΟΛΑΤΟΥΧΟ ΦΙΑΛΗ 4 X 250,4.05,Γαλακτοκομικά & Είδη Ψυγείου,8958582587422.jpg
gala-ypsilis-pasteriosis-sokolatouxo-fiali-500,MILKO,ΓΑΛΑ ΥΨΗΛΗΣ ΠΑΣΤΕΡΙΩΣΗΣ ΣΟΚΟΛΑΤΟΥΧΟ ΦΙΑΛΗ 500,1.48,Γαλακτοκομικά & Είδη Ψυγείου,8958558928926.jpg
sokolatouxo-gala-me-fraoula-450-ml-450,MILKO,ΣΟΚΟΛΑΤΟΥΧΟ ΓΑΛΑ ΜΕ ΦΡΑΟΥΛΑ 450 ML 450,1.55,Γαλακτοκομικά & Είδη Ψυγείου,8958567645214.jpg
paid-epid-giaourtiou-fraoula-3x140gr-31d,MINIONS,ΠΑΙΔ ΕΠΙΔ ΓΙΑΟΥΡΤΙΟΥ ΦΡΑΟΥΛΑ 3Χ140ΓΡ 3+1Δ,2.59,Γαλακτοκομικά & Είδη Ψυγείου,product-no-image.svg
paidiko-epidorpio-giaourtiou-fraoula-3x140gr,MINIONS,ΠΑΙΔΙΚΟ ΕΠΙΔΟΡΠΙΟ ΓΙΑΟΥΡΤΙΟΥ ΦΡΑΟΥΛΑ 3Χ140ΓΡ,3.89,Γαλακτοκομικά & Είδη Ψυγείου,8965705629726.jpg
gala-ypsilis-thermikis-epeksergasias-oikogeneiako-elafry-15lt-025,MMMILK,ΓΑΛΑ ΥΨΗΛΗΣ ΘΕΡΜΙΚΗΣ ΕΠΕΞΕΡΓΑΣΙΑΣ ΟΙΚΟΓΕΝΕΙΑΚΟ ΕΛΑΦΡΥ 1.5LT 0.25,2.09,Γαλακτοκομικά & Είδη Ψυγείου,product-no-image.svg
gala-ypsilis-thermikis-epeksergasias-oikogeneiako-plires-15lt,MMMILK,ΓΑΛΑ ΥΨΗΛΗΣ ΘΕΡΜΙΚΗΣ ΕΠΕΞΕΡΓΑΣΙΑΣ ΟΙΚΟΓΕΝΕΙΑΚΟ ΠΛΗΡΕΣ 1.5LT,2.09,Γαλακτοκομικά & Είδη Ψυγείου,product-no-image.svg
gala-ypsilis-pasteriosis-oikogeneiako-1-lt,MMMILK,ΓΑΛΑ ΥΨΗΛΗΣ ΠΑΣΤΕΡΙΩΣΗΣ ΟΙΚΟΓΕΝΕΙΑΚΟ 1 LT,1.65,Γαλακτοκομικά & Είδη Ψυγείου,8896241205278.jpg
gala-ypsilis-pasteriosis-oikogeneiako-elafry-1-lt,MMMILK,ΓΑΛΑ ΥΨΗΛΗΣ ΠΑΣΤΕΡΙΩΣΗΣ ΟΙΚΟΓΕΝΕΙΑΚΟ ΕΛΑΦΡΥ 1 LT,1.65,Γαλακτοκομικά & Είδη Ψυγείου,8935867383838.jpg
gala-fresko-elafry-15-lt,MMMILK,ΓΑΛΑ ΦΡΕΣΚΟ ΕΛΑΦΡΥ 1.5 LT,2.34,Γαλακτοκομικά & Είδη Ψυγείου,8977335451678.jpg
gala-fresko-plires-oikogeneiako-15-lt,MMMILK,ΓΑΛΑ ΦΡΕΣΚΟ ΠΛΗΡΕΣ ΟΙΚΟΓΕΝΕΙΑΚΟ 1.5 LT,2.34,Γαλακτοκομικά & Είδη Ψυγείου,8977352032286.jpg
gala-ypsilis-pasteriosis-elafry-1-lt,MY MMMILK,ΓΑΛΑ ΥΨΗΛΗΣ ΠΑΣΤΕΡΙΩΣΗΣ ΕΛΑΦΡΥ 1 LT,1.7,Γαλακτοκομικά & Είδη Ψυγείου,8892730310686.jpg
gala-ypsilis-pasteriosis-elafry-15-lt,MY MMMILK,ΓΑΛΑ ΥΨΗΛΗΣ ΠΑΣΤΕΡΙΩΣΗΣ ΕΛΑΦΡΥ 1.5 LT,2.38,Γαλακτοκομικά & Είδη Ψυγείου,8891877949470.jpg
gala-ypsilis-pasteriosis-plires-1-lt,MY MMMILK,ΓΑΛΑ ΥΨΗΛΗΣ ΠΑΣΤΕΡΙΩΣΗΣ ΠΛΗΡΕΣ 1 LT,1.7,Γαλακτοκομικά & Είδη Ψυγείου,8895737495582.jpg
gala-ypsilis-pasteriosis-plires-15-lt,MY MMMILK,ΓΑΛΑ ΥΨΗΛΗΣ ΠΑΣΤΕΡΙΩΣΗΣ ΠΛΗΡΕΣ 1.5 LT,2.38,Γαλακτοκομικά & Είδη Ψυγείου,8893336944670.jpg
giaourti-leuko-2-lipara-3-x-200-g,NATURAL,ΓΙΑΟΥΡΤΙ ΛΕΥΚΟ 2 % ΛΙΠΑΡΑ 3 Χ 200 G,3.3,Γαλακτοκομικά & Είδη Ψυγείου,8957973987358.jpg
giaourti-leuko-35-lipara-3-x-200-g,NATURAL,ΓΙΑΟΥΡΤΙ ΛΕΥΚΟ 3.5% ΛΙΠΑΡΑ 3 Χ 200 G,3.3,Γαλακτοκομικά & Είδη Ψυγείου,8957957275678.jpg
rofima-galaktos-me-prosthiki-bitaminon-kai-metallon-1,NESTLE | JUNIOR,ΡΟΦΗΜΑ ΓΑΛΑΚΤΟΣ ΜΕ ΠΡΟΣΘΗΚΗ ΒΙΤΑΜΙΝΩΝ ΚΑΙ ΜΕΤΑΛΛΩΝ 1,2.22,Γαλακτοκομικά & Είδη Ψυγείου,8979332202526.jpg
giaourti-leuko-2-lipara-2-x-200-gr,ONLY,ΓΙΑΟΥΡΤΙ ΛΕΥΚΟ 2% ΛΙΠΑΡΑ 2 X 200 GR,1.97,Γαλακτοκομικά & Είδη Ψυγείου,8813612072990.jpg
freskia-zymi-choco-cookies-me-kommatia-sokolatas-275-g,PILLSBURY,ΦΡΕΣΚΙΑ ΖΥΜΗ CHOCO COOKIES ΜΕ ΚΟΜΜΑΤΙΑ ΣΟΚΟΛΑΤΑΣ 275 G,2.98,Γαλακτοκομικά & Είδη Ψυγείου,8954450870302.jpg
freskia-zymi-cookies-banilias-me-kommatia-sokolatas-275-g,PILLSBURY,ΦΡΕΣΚΙΑ ΖΥΜΗ COOKIES ΒΑΝΙΛΙΑΣ ΜΕ ΚΟΜΜΑΤΙΑ ΣΟΚΟΛΑΤΑΣ 275 G,2.98,Γαλακτοκομικά & Είδη Ψυγείου,8954476298270.jpg
freskia-zymi-afrati-pitsas-280-g,PILLSBURY,ΦΡΕΣΚΙΑ ΖΥΜΗ ΑΦΡΑΤΗ ΠΙΤΣΑΣ 280 G,1.98,Γαλακτοκομικά & Είδη Ψυγείου,8892050669598.jpg
freskia-zymi-afrati-pitsas-400-g,PILLSBURY,ΦΡΕΣΚΙΑ ΖΥΜΗ ΑΦΡΑΤΗ ΠΙΤΣΑΣ 400 G,2.92,Γαλακτοκομικά & Είδη Ψυγείου,8894386634782.jpg
freskia-zymi-gia-krouasan-230-g,PILLSBURY,ΦΡΕΣΚΙΑ ΖΥΜΗ ΓΙΑ ΚΡΟΥΑΣΑΝ 230 G,2.28,Γαλακτοκομικά & Είδη Ψυγείου,8892671524894.jpg
freskia-zymi-gia-krouasan-sokolata-275-g,PILLSBURY,ΦΡΕΣΚΙΑ ΖΥΜΗ ΓΙΑ ΚΡΟΥΑΣΑΝ ΣΟΚΟΛΑΤΑ 275 G,3.55,Γαλακτοκομικά & Είδη Ψυγείου,8892367339550.jpg
freskia-zymi-gia-megala-krouasan-350-g,PILLSBURY,ΦΡΕΣΚΙΑ ΖΥΜΗ ΓΙΑ ΜΕΓΑΛΑ ΚΡΟΥΑΣΑΝ 350 G,2.98,Γαλακτοκομικά & Είδη Ψυγείου,8892219523102.jpg
freskia-zymi-lepti-pitsas-345-g,PILLSBURY,ΦΡΕΣΚΙΑ ΖΥΜΗ ΛΕΠΤΗ ΠΙΤΣΑΣ 345 G,3.08,Γαλακτοκομικά & Είδη Ψυγείου,8894160633886.jpg
freskia-sfoliata-700-g,PILLSBURY,ΦΡΕΣΚΙΑ ΣΦΟΛΙΑΤΑ 700 G,3.78,Γαλακτοκομικά & Είδη Ψυγείου,8938145021982.jpg
freskies-pites-gia-santouits-326-g,PILLSBURY,ΦΡΕΣΚΙΕΣ ΠΙΤΕΣ ΓΙΑ ΣΑΝΤΟΥΙΤΣ 326 G,3.05,Γαλακτοκομικά & Είδη Ψυγείου,8895695159326.jpg
freskies-pites-leptes-olikis-alesis-350-g,PILLSBURY,ΦΡΕΣΚΙΕΣ ΠΙΤΕΣ ΛΕΠΤΕΣ ΟΛΙΚΗΣ ΑΛΕΣΗΣ 350 G,3.67,Γαλακτοκομικά & Είδη Ψυγείου,8895204392990.jpg
fresko-glyko-rolakia-me-kanela-270-g,PILLSBURY,ΦΡΕΣΚΟ ΓΛΥΚΟ ΡΟΛΑΚΙΑ ΜΕ ΚΑΝΕΛΑ 270 G,3.18,Γαλακτοκομικά & Είδη Ψυγείου,8895834095646.jpg
fresko-fyllo-450-g,PILLSBURY,ΦΡΕΣΚΟ ΦΥΛΛΟ 450 G,3.4,Γαλακτοκομικά & Είδη Ψυγείου,8954490126366.jpg
fresko-fyllo-gia-tarta-600-g,PILLSBURY,ΦΡΕΣΚΟ ΦΥΛΛΟ ΓΙΑ ΤΑΡΤΑ 600 G,4.98,Γαλακτοκομικά & Είδη Ψυγείου,8938114940958.jpg
boutyro-analato-paketo-250-g,PRESIDENT,ΒΟΥΤΥΡΟ ΑΝΑΛΑΤΟ ΠΑΚΕΤΟ 250 G,3.04,Γαλακτοκομικά & Είδη Ψυγείου,8954862338078.jpg
vrofima-sogias-sokolata-bio-1-lt,PROVAMEL,vΡΟΦΗΜΑ ΣΟΓΙΑΣ ΣΟΚΟΛΑΤΑ BIO 1 LT,2.91,Γαλακτοκομικά & Είδη Ψυγείου,8910685732894.jpg
rofima-bio-amygdalou-1-lt,PROVAMEL,ΡΟΦΗΜΑ BIO ΑΜΥΓΔΑΛΟΥ 1 LT,4.37,Γαλακτοκομικά & Είδη Ψυγείου,8979575373854.jpg
rofima-ryziou-bio-1-lt,PROVAMEL,ΡΟΦΗΜΑ ΡΥΖΙΟΥ BIO 1 LT,2.9,Γαλακτοκομικά & Είδη Ψυγείου,8910684160030.jpg
sogia-xoris-zaxari-bio-1lt,PROVAMEL,ΣΟΓΙΑ ΧΩΡΙΣ ΖΑΧΑΡΗ BIO 1LT,1.69,Γαλακτοκομικά & Είδη Ψυγείου,8965713952798.jpg
gala-skoni-250,REGILAIT,ΓΑΛΑ ΣΚΟΝΗ 250,3.08,Γαλακτοκομικά & Είδη Ψυγείου,8891634712606.jpg
gala-skoni-biologiko-250,REGILAIT,ΓΑΛΑ ΣΚΟΝΗ ΒΙΟΛΟΓΙΚΟ 250,4.32,Γαλακτοκομικά & Είδη Ψυγείου,8895244042270.jpg
gala-karamelomeno-zaxarouxo-395-g,ROYAL,ΓΑΛΑ ΚΑΡΑΜΕΛΩΜΕΝΟ ΖΑΧΑΡΟΥΧΟ 395 G,1.75,Γαλακτοκομικά & Είδη Ψυγείου,8928380616734.jpg
giaourti-paidiko-scooby-doo-fraoula-150-gr,SCOOBY DOO,ΓΙΑΟΥΡΤΙ ΠΑΙΔΙΚΟ SCOOBY DOO ΦΡΑΟΥΛΑ 150 GR,1.19,Γαλακτοκομικά & Είδη Ψυγείου,8896243859486.jpg
giaourti-paidiko-mpanana-150-gr,SCOOBY DOO,ΓΙΑΟΥΡΤΙ ΠΑΙΔΙΚΟ ΜΠΑΝΑΝΑ 150 GR,1.19,Γαλακτοκομικά & Είδη Ψυγείου,8893485514782.jpg
arla-skyr-byssino-150g,SKYR,ARLA SKYR ΒΥΣΣΙΝΟ 150G,1.39,Γαλακτοκομικά & Είδη Ψυγείου,8958211358750.jpg
berykoko-ippofaes-150g,SKYR,ΒΕΡΥΚΟΚΟ ΙΠΠΟΦΑΕΣ 150G,1.39,Γαλακτοκομικά & Είδη Ψυγείου,8958192746526.jpg
giaourti-fysiki-geusi-150g,SKYR,ΓΙΑΟΥΡΤΙ ΦΥΣΙΚΗ ΓΕΥΣΗ 150G,1.29,Γαλακτοκομικά & Είδη Ψυγείου,8958215421982.jpg
giaourti-paidiko-me-mpiskoto-2-x-145-g,SMART,ΓΙΑΟΥΡΤΙ ΠΑΙΔΙΚΟ ΜΕ ΜΠΙΣΚΟΤΟ 2 X 145 G,2.8,Γαλακτοκομικά & Είδη Ψυγείου,8839211515934.jpg
giaourti-paidiko-mpanana-2-x-145-g,SMART,ΓΙΑΟΥΡΤΙ ΠΑΙΔΙΚΟ ΜΠΑΝΑΝΑ 2 X 145 G,2.8,Γαλακτοκομικά & Είδη Ψυγείου,8837384503326.jpg
giaourti-paidiko-fraoula-2-x-145-g,SMART,ΓΙΑΟΥΡΤΙ ΠΑΙΔΙΚΟ ΦΡΑΟΥΛΑ 2 X 145 G,2.8,Γαλακτοκομικά & Είδη Ψυγείου,8837278138398.jpg
epidorpio-giaourti-sogias-musli-250-gr,SOJASUN,ΕΠΙΔΟΡΠΙΟ ΓΙΑΟΥΡΤΙ ΣΟΓΙΑΣ MUSLI 250 GR,2.32,Γαλακτοκομικά & Είδη Ψυγείου,8895582896158.jpg
epidorpio-mous-sokolatas-tartoufo-2-x-70-gr-2-x-70-gr,SOLO ITALIA,EΠΙΔΟΡΠΙΟ ΜΟΥΣ ΣΟΚΟΛΑΤΑΣ ΤΑΡΤΟΥΦΟ 2 X 70 GR 2 X 70 GR,1.77,Γαλακτοκομικά & Είδη Ψυγείου,8896323223582.jpg
epidorpio-profiterol-2-x-90-gr,SOLO ITALIA,ΕΠΙΔΟΡΠΙO ΠΡΟΦΙΤΕΡΟΛ 2 Χ 90 GR,1.73,Γαλακτοκομικά & Είδη Ψυγείου,8894725718046.jpg
epidorpio-profiterol-450-gr,SOLO ITALIA,ΕΠΙΔΟΡΠΙO ΠΡΟΦΙΤΕΡΟΛ 450 GR,4.1,Γαλακτοκομικά & Είδη Ψυγείου,8894191370270.jpg
epidorpio-tiramisou-2-x-80-gr,SOLO ITALIA,ΕΠΙΔΟΡΠΙO ΤΙΡΑΜΙΣΟΥ 2 Χ 80 GR,2.16,Γαλακτοκομικά & Είδη Ψυγείου,8895830720542.jpg
epidorpio-tiramisou-450-gr-450-gr,SOLO ITALIA,ΕΠΙΔΟΡΠΙΟ TΙΡΑΜΙΣΟΥ 450 GR 450 GR,4.47,Γαλακτοκομικά & Είδη Ψυγείου,8896323321886.jpg
epidorpio-panakota-2-x-100-gr-2-x-100-gr,SOLO ITALIA,ΕΠΙΔΟΡΠΙΟ ΠΑΝΑΚΟΤΑ 2 X 100 GR 2 X 100 GR,1.81,Γαλακτοκομικά & Είδη Ψυγείου,8896323584030.jpg
ppuccino-220-ml,STARBUCKS,PPUCCINO 220 ML,2,Γαλακτοκομικά & Είδη Ψυγείου,8893861724190.jpg
rofima-caramel-machiato-220-ml,STARBUCKS,ΡΟΦΗΜΑ CARAMEL MACHIATO 220 ML,2,Γαλακτοκομικά & Είδη Ψυγείου,8894297014302.jpg
rofima-double-shot-espresso-200-ml,STARBUCKS,ΡΟΦΗΜΑ DOUBLE SHOT ESPRESSO 200 ML,1.9,Γαλακτοκομικά & Είδη Ψυγείου,8894842863646.jpg
epidorpio-froui-zele-kerasi-2-x-150-gr,SWEET & BALANCE,ΕΠΙΔΟΡΠΙO ΦΡΟΥΙ ΖΕΛΕ ΚΕΡΑΣΙ 2 Χ 150 GR,2.1,Γαλακτοκομικά & Είδη Ψυγείου,8891921203230.jpg
zele-frouton-froui-zele-fraoula-2-x-150-gr,SWEET & BALANCE,ΖΕΛΕ ΦΡΟΥΤΩΝ ΦΡΟΥΙ ΖΕΛΕ ΦΡΑΟΥΛΑ 2 Χ 150 GR,2.1,Γαλακτοκομικά & Είδη Ψυγείου,8894239604766.jpg
giaourti-paidiko-biologiko-epidorpio-me-axladi-2-x-115-gr,TEDDI BIO,ΓΙΑΟΥΡΤΙ ΠΑΙΔΙΚΟ ΒΙΟΛΟΓΙΚΟ ΕΠΙΔΟΡΠΙΟ ΜΕ ΑΧΛΑΔΙ 2 Χ 115 GR,2.07,Γαλακτοκομικά & Είδη Ψυγείου,8895850053662.jpg
giaourti-paidiko-biologiko-epidorpio-me-berikoko-2-x-115-gr,TEDDI BIO,ΓΙΑΟΥΡΤΙ ΠΑΙΔΙΚΟ ΒΙΟΛΟΓΙΚΟ ΕΠΙΔΟΡΠΙΟ ΜΕ ΒΕΡΙΚΟΚΟ 2 Χ 115 GR,2.07,Γαλακτοκομικά & Είδη Ψυγείου,8893510615070.jpg
giaourti-paidiko-biologiko-mpanana-2-x-115-gr,TEDDI BIO,ΓΙΑΟΥΡΤΙ ΠΑΙΔΙΚΟ ΒΙΟΛΟΓΙΚΟ ΜΠΑΝΑΝΑ 2 Χ 115 GR,2.07,Γαλακτοκομικά & Είδη Ψυγείου,8894321459230.jpg
giaourti-paidiko-biologiko-fraoula-2-x-115-gr,TEDDI BIO,ΓΙΑΟΥΡΤΙ ΠΑΙΔΙΚΟ ΒΙΟΛΟΓΙΚΟ ΦΡΑΟΥΛΑ 2 Χ 115 GR,2.07,Γαλακτοκομικά & Είδη Ψυγείου,8893412605982.jpg
krema-galaktos-20-lipara-200-ml,TORRE,ΚΡΕΜΑ ΓΑΛΑΚΤΟΣ 20 % ΛΙΠΑΡΑ 200 ML,0.85,Γαλακτοκομικά & Είδη Ψυγείου,8895518507038.jpg
santigy-bianco-spray-250-ml,TORRE,ΣΑΝΤΙΓΥ BIANCO SPRAY 250 ML,2.49,Γαλακτοκομικά & Είδη Ψυγείου,8894754750494.jpg
fytiki-krema-galaktos-me-elaiolado-200-ml,TORRE,ΦΥΤΙΚΗ ΚΡΕΜΑ ΓΑΛΑΚΤΟΣ ΜΕ ΕΛΑΙΟΛΑΔΟ 200 ML,0.86,Γαλακτοκομικά & Είδη Ψυγείου,8954467778590.jpg
giaourti-leuko-straggisto-0-lipara-3-x-170-gr,TOTAL,ΓΙΑΟΥΡΤΙ ΛΕΥΚΟ ΣΤΡΑΓΓΙΣΤΟ 0% ΛΙΠΑΡΑ 3 X 170 GR,3.05,Γαλακτοκομικά & Είδη Ψυγείου,8894462099486.jpg
giaourti-leuko-straggisto-2-lipara-1-kgr,TOTAL,ΓΙΑΟΥΡΤΙ ΛΕΥΚΟ ΣΤΡΑΓΓΙΣΤΟ 2% ΛΙΠΑΡΑ 1 KGR,3.7,Γαλακτοκομικά & Είδη Ψυγείου,8942914797598.jpg
giaourti-leuko-straggisto-2-lipara-200-gr,TOTAL,ΓΙΑΟΥΡΤΙ ΛΕΥΚΟ ΣΤΡΑΓΓΙΣΤΟ 2% ΛΙΠΑΡΑ 200 GR,1.07,Γαλακτοκομικά & Είδη Ψυγείου,8942916042782.jpg
giaourti-leuko-straggisto-2-lipara-3-x-200-gr,TOTAL,ΓΙΑΟΥΡΤΙ ΛΕΥΚΟ ΣΤΡΑΓΓΙΣΤΟ 2% ΛΙΠΑΡΑ 3 X 200 GR,3.2,Γαλακτοκομικά & Είδη Ψυγείου,8895437078558.jpg
giaourti-leuko-straggisto-2-lipara-500-gr,TOTAL,ΓΙΑΟΥΡΤΙ ΛΕΥΚΟ ΣΤΡΑΓΓΙΣΤΟ 2% ΛΙΠΑΡΑ 500 GR,2.34,Γαλακτοκομικά & Είδη Ψυγείου,8942913552414.jpg
giaourti-leuko-straggisto-200-gr,TOTAL,ΓΙΑΟΥΡΤΙ ΛΕΥΚΟ ΣΤΡΑΓΓΙΣΤΟ 200 GR,1.07,Γαλακτοκομικά & Είδη Ψυγείου,8942909816862.jpg
giaourti-leuko-straggisto-3-x-200-gr,TOTAL,ΓΙΑΟΥΡΤΙ ΛΕΥΚΟ ΣΤΡΑΓΓΙΣΤΟ 3 X 200 GR,3.2,Γαλακτοκομικά & Είδη Ψυγείου,8892095692830.jpg
giaourti-leuko-straggisto-500-gr,TOTAL,ΓΙΑΟΥΡΤΙ ΛΕΥΚΟ ΣΤΡΑΓΓΙΣΤΟ 500 GR,2.34,Γαλακτοκομικά & Είδη Ψυγείου,8942911062046.jpg
straggisto-giaourti-1-kg,TOTAL,ΣΤΡΑΓΓΙΣΤΟ ΓΙΑΟΥΡΤΙ 1 KG,3.7,Γαλακτοκομικά & Είδη Ψυγείου,8942912307230.jpg
epidorpio-giaourti-superfruits-kai-dimitriaka-0-lipara-380-gr,VITALINE,ΕΠΙΔΟΡΠΙΟ ΓΙΑΟΥΡΤΙ SUPERFRUITS ΚΑΙ ΔΗΜΗΤΡΙΑΚΑ 0 % ΛΙΠΑΡΑ 380 GR,2.38,Γαλακτοκομικά & Είδη Ψυγείου,8925315039262.jpg
epidorpio-giaourtiou-0-rodakino-3x200gr-21doro,VITALINE,ΕΠΙΔΟΡΠΙΟ ΓΙΑΟΥΡΤΙΟΥ 0% ΡΟΔΑΚΙΝΟ 3X200GR 2+1ΔΩΡΟ,2.94,Γαλακτοκομικά & Είδη Ψυγείου,8891652374558.jpg
epidorpio-giaourtiou-supper-berries-0-lipara-2-x-200-gr,VITALINE,ΕΠΙΔΟΡΠΙΟ ΓΙΑΟΥΡΤΙΟΥ SUPPER BERRIES 0% ΛΙΠΑΡΑ 2 Χ 200 GR,2.94,Γαλακτοκομικά & Είδη Ψυγείου,8935845953566.jpg
epidorpio-giaourtiou-kerasi-0-lipara-2-x-200-gr,VITALINE,ΕΠΙΔΟΡΠΙΟ ΓΙΑΟΥΡΤΙΟΥ ΚΕΡΑΣΙ 0% ΛΙΠΑΡΑ 2 X 200 GR,2.94,Γαλακτοκομικά & Είδη Ψυγείου,8938416013342.jpg
epidorpio-giaourtiou-rodakino-0-lipara-2-x-200-gr,VITALINE,ΕΠΙΔΟΡΠΙΟ ΓΙΑΟΥΡΤΙΟΥ ΡΟΔΑΚΙΝΟ 0% ΛΙΠΑΡΑ 2 X 200 GR,2.94,Γαλακτοκομικά & Είδη Ψυγείου,8938408542238.jpg
epidorpio-giaourtiou-tropika-frouta-dimitriaka-0-lipara-380-gr,VITALINE,ΕΠΙΔΟΡΠΙΟ ΓΙΑΟΥΡΤΙΟΥ ΤΡΟΠΙΚΑ ΦΡΟΥΤΑ ΔΗΜΗΤΡΙΑΚΑ 0% ΛΙΠΑΡΑ 380 GR,2.38,Γαλακτοκομικά & Είδη Ψυγείου,8925420224542.jpg
epidorpio-giaourtiou-fraoula-0-lipara-2-x-200-gr,VITALINE,ΕΠΙΔΟΡΠΙΟ ΓΙΑΟΥΡΤΙΟΥ ΦΡΑΟΥΛΑ 0% ΛΙΠΑΡΑ 2 Χ 200 GR,2.94,Γαλακτοκομικά & Είδη Ψυγείου,8935865810974.jpg
epidorpio-giaourtiou-cookies-2-x-200-gr,YOTOPIA,ΕΠΙΔΟΡΠΙΟ ΓΙΑΟΥΡΤΙΟΥ COOKIES 2 X 200 GR,2.89,Γαλακτοκομικά & Είδη Ψυγείου,8816444375070.jpg
epidorpio-giaourtiou-me-mpiskoto-15-lipara-3-x-200-gr,YOTOPIA,ΕΠΙΔΟΡΠΙΟ ΓΙΑΟΥΡΤΙΟΥ ΜΕ ΜΠΙΣΚΟΤΟ 1.5% ΛΙΠΑΡΑ 3 Χ 200 GR,2.89,Γαλακτοκομικά & Είδη Ψυγείου,8934906920990.jpg
gala-ypsilis-pasteriosis-elafry-1-l,ΑΒ THINK BIO,ΓΑΛΑ ΥΨΗΛΗΣ ΠΑΣΤΕΡΙΩΣΗΣ ΕΛΑΦΡΥ 1 L,1.38,Γαλακτοκομικά & Είδη Ψυγείου,8891817230366.jpg
gala-ypsilis-pasteriosis-plires-1-l,ΑΒ THINK BIO,ΓΑΛΑ ΥΨΗΛΗΣ ΠΑΣΤΕΡΙΩΣΗΣ ΠΛΗΡΕΣ 1 L,1.38,Γαλακτοκομικά & Είδη Ψυγείου,8895963365406.jpg
gala-ypsilis-thermikis-epeksergasias-xoris-laktozi-1-l,ΑΒ THINK NUTRI,ΓΑΛΑ ΥΨΗΛΗΣ ΘΕΡΜΙΚΗΣ ΕΠΕΞΕΡΓΑΣΙΑΣ ΧΩΡΙΣ ΛΑΚΤΟΖΗ 1 L,1.5,Γαλακτοκομικά & Είδη Ψυγείου,8954946813982.jpg
fresko-gala-15-1-lt,ΑΒ ΚΟΝΤΑ ΣΤΗΝ ΕΛΛΗΝΙΚΗ ΓΗ,ΦΡΕΣΚΟ ΓΑΛΑ 1.5% 1 LT,1.07,Γαλακτοκομικά & Είδη Ψυγείου,8891565735966.jpg
freskos-xymos-fysikos-lemoni-1-lt,ΑΒ ΚΟΝΤΑ ΣΤΗΝ ΕΛΛΗΝΙΚΗ ΓΗ,ΦΡΕΣΚΟΣ ΧΥΜΟΣ ΦΥΣΙΚΟΣ ΛΕΜΟΝΙ 1 LT,2.38,Γαλακτοκομικά & Είδη Ψυγείου,8891860680734.jpg
freskos-xymos-fysikos-portokali-1-lt,ΑΒ ΚΟΝΤΑ ΣΤΗΝ ΕΛΛΗΝΙΚΗ ΓΗ,ΦΡΕΣΚΟΣ ΧΥΜΟΣ ΦΥΣΙΚΟΣ ΠΟΡΤΟΚΑΛΙ 1 LT,2.23,Γαλακτοκομικά & Είδη Ψυγείου,8893102129182.jpg
freskos-xymos-fysikos-rodi-serron-500-ml,ΑΒ ΚΟΝΤΑ ΣΤΗΝ ΕΛΛΗΝΙΚΗ ΓΗ,ΦΡΕΣΚΟΣ ΧΥΜΟΣ ΦΥΣΙΚΟΣ ΡΟΔΙ ΣΕΡΡΩΝ 500 ML,3.75,Γαλακτοκομικά & Είδη Ψυγείου,8893488398366.jpg
gala-ebapore-elafry-4-170-gr,ΑΒ,ΓΑΛΑ ΕΒΑΠΟΡΕ ΕΛΑΦΡΥ 4% 170 GR,0.32,Γαλακτοκομικά & Είδη Ψυγείου,8893213769758.jpg
gala-ebapore-elafry-4-410-gr,ΑΒ,ΓΑΛΑ ΕΒΑΠΟΡΕ ΕΛΑΦΡΥ 4% 410 GR,0.65,Γαλακτοκομικά & Είδη Ψυγείου,8892193898526.jpg
gala-ebapore-merides-light-4-10-x-15-gr,ΑΒ,ΓΑΛΑ ΕΒΑΠΟΡΕ ΜΕΡΙΔΕΣ LIGHT 4% 10 X 15 GR,0.65,Γαλακτοκομικά & Είδη Ψυγείου,8977042047006.jpg
gala-ebapore-merides-plires-75-10-x-15-gr,ΑΒ,ΓΑΛΑ ΕΒΑΠΟΡΕ ΜΕΡΙΔΕΣ ΠΛΗΡΕΣ 7.5% 10 Χ 15 GR,0.65,Γαλακτοκομικά & Είδη Ψυγείου,8977039294494.jpg
gala-ebapore-plires-75-170-gr,ΑΒ,ΓΑΛΑ ΕΒΑΠΟΡΕ ΠΛΗΡΕΣ 7.5% 170 GR,0.33,Γαλακτοκομικά & Είδη Ψυγείου,8894515806238.jpg
gala-ebapore-plires-75-410-gr,ΑΒ,ΓΑΛΑ ΕΒΑΠΟΡΕ ΠΛΗΡΕΣ 7.5% 410 GR,0.65,Γαλακτοκομικά & Είδη Ψυγείου,8895137775646.jpg
gala-zaxarouxo-sympyknomeno-397-gr,ΑΒ,ΓΑΛΑ ΖΑΧΑΡΟΥΧΟ ΣΥΜΠΥΚΝΩΜΕΝΟ 397 GR,0.95,Γαλακτοκομικά & Είδη Ψυγείου,8895263670302.jpg
gala-ypsilis-thermikis-epeksergasias-elafry-1-lt,ΑΒ,ΓΑΛΑ ΥΨΗΛΗΣ ΘΕΡΜΙΚΗΣ ΕΠΕΞΕΡΓΑΣΙΑΣ ΕΛΑΦΡΥ 1 LT,0.82,Γαλακτοκομικά & Είδη Ψυγείου,8942659797022.jpg
gala-ypsilis-thermikis-epeksergasias-elafry-15-lt,ΑΒ,ΓΑΛΑ ΥΨΗΛΗΣ ΘΕΡΜΙΚΗΣ ΕΠΕΞΕΡΓΑΣΙΑΣ ΕΛΑΦΡΥ 1.5 LT,1.2,Γαλακτοκομικά & Είδη Ψυγείου,8892997828638.jpg
gala-ypsilis-thermikis-epeksergasias-plires-15-lt,ΑΒ,ΓΑΛΑ ΥΨΗΛΗΣ ΘΕΡΜΙΚΗΣ ΕΠΕΞΕΡΓΑΣΙΑΣ ΠΛΗΡΕΣ 1.5 LT,1.2,Γαλακτοκομικά & Είδη Ψυγείου,8894921605150.jpg
gala-ypsilis-thermikis-epeksergasias-plires-1lt,ΑΒ,ΓΑΛΑ ΥΨΗΛΗΣ ΘΕΡΜΙΚΗΣ ΕΠΕΞΕΡΓΑΣΙΑΣ ΠΛΗΡΕΣ 1LT,0.82,Γαλακτοκομικά & Είδη Ψυγείου,8942658551838.jpg
gala-fresko-elafry-2-lt,ΑΒ,ΓΑΛΑ ΦΡΕΣΚΟ ΕΛΑΦΡΥ 2 LT,1.69,Γαλακτοκομικά & Είδη Ψυγείου,8891977400350.jpg
gala-fresko-plires-2-lt,ΑΒ,ΓΑΛΑ ΦΡΕΣΚΟ ΠΛΗΡΕΣ 2 LT,1.69,Γαλακτοκομικά & Είδη Ψυγείου,8895891505182.jpg
giaourti-leuko-2-lipara-240-gr,ΑΒ,ΓΙΑΟΥΡΤΙ ΛΕΥΚΟ 2% ΛΙΠΑΡΑ 240 GR,0.69,Γαλακτοκομικά & Είδη Ψυγείου,8959532138526.jpg
giaourti-leuko-agelados-2-3-x-200-gr,ΑΒ,ΓΙΑΟΥΡΤΙ ΛΕΥΚΟ ΑΓΕΛΑΔΟΣ 2% 3 Χ 200 GR,1.24,Γαλακτοκομικά & Είδη Ψυγείου,8893355589662.jpg
giaourti-leuko-agelados-3-x-200-gr,ΑΒ,ΓΙΑΟΥΡΤΙ ΛΕΥΚΟ ΑΓΕΛΑΔΟΣ 3 X 200 GR,1.24,Γαλακτοκομικά & Είδη Ψυγείου,8894516199454.jpg
giaourti-leuko-paradosiako-agelados-240-gr,ΑΒ,ΓΙΑΟΥΡΤΙ ΛΕΥΚΟ ΠΑΡΑΔΟΣΙΑΚΟ ΑΓΕΛΑΔΟΣ 240 GR,0.69,Γαλακτοκομικά & Είδη Ψυγείου,8959535874078.jpg
giaourti-leuko-paradosiako-katsikisio-240-gr,ΑΒ,ΓΙΑΟΥΡΤΙ ΛΕΥΚΟ ΠΑΡΑΔΟΣΙΑΚΟ ΚΑΤΣΙΚΙΣΙΟ 240 GR,0.82,Γαλακτοκομικά & Είδη Ψυγείου,8959534628894.jpg
giaourti-leuko-probeio-2-240-gr,ΑΒ,ΓΙΑΟΥΡΤΙ ΛΕΥΚΟ ΠΡΟΒΕΙΟ 2% 240 GR,0.79,Γαλακτοκομικά & Είδη Ψυγείου,8959533383710.jpg
giaourti-leuko-probeio-240-gr,ΑΒ,ΓΙΑΟΥΡΤΙ ΛΕΥΚΟ ΠΡΟΒΕΙΟ 240 GR,0.79,Γαλακτοκομικά & Είδη Ψυγείου,8959538364446.jpg
giaourti-leuko-straggisto-10-lipara-1-kgr,ΑΒ,ΓΙΑΟΥΡΤΙ ΛΕΥΚΟ ΣΤΡΑΓΓΙΣΤΟ 10% ΛΙΠΑΡΑ 1 KGR,2.25,Γαλακτοκομικά & Είδη Ψυγείου,8959528402974.jpg
giaourti-leuko-straggisto-10-lipara-3-x-200-gr,ΑΒ,ΓΙΑΟΥΡΤΙ ΛΕΥΚΟ ΣΤΡΑΓΓΙΣΤΟ 10% ΛΙΠΑΡΑ 3 X 200 GR,1.7,Γαλακτοκομικά & Είδη Ψυγείου,8959530893342.jpg
giaourti-leuko-straggisto-2-lipara-1-kgr,ΑΒ,ΓΙΑΟΥΡΤΙ ΛΕΥΚΟ ΣΤΡΑΓΓΙΣΤΟ 2% ΛΙΠΑΡΑ 1 KGR,2.25,Γαλακτοκομικά & Είδη Ψυγείου,8959537119262.jpg
giaourti-leuko-straggisto-2-lipara-3-x-200-gr,ΑΒ,ΓΙΑΟΥΡΤΙ ΛΕΥΚΟ ΣΤΡΑΓΓΙΣΤΟ 2% ΛΙΠΑΡΑ 3 Χ 200 GR,1.7,Γαλακτοκομικά & Είδη Ψυγείου,8959529648158.jpg
epidorpio-gala-kai-kakao-180-gr,ΑΒ,ΕΠΙΔΟΡΠΙO ΓΑΛΑ ΚΑΙ ΚΑΚΑΟ 180 GR,0.84,Γαλακτοκομικά & Είδη Ψυγείου,8893865918494.jpg
epidorpio-krema-banilia-180-gr,ΑΒ,ΕΠΙΔΟΡΠΙO ΚΡΕΜΑ ΒΑΝΙΛΙΑ 180 GR,0.84,Γαλακτοκομικά & Είδη Ψυγείου,8894884511774.jpg
epidorpio-ryzogalo-180-gr,ΑΒ,ΕΠΙΔΟΡΠΙO ΡΥΖΟΓΑΛΟ 180 GR,0.77,Γαλακτοκομικά & Είδη Ψυγείου,8892858138654.jpg
epidorpio-giaourtiou-kerasi-3-x-200-gr-21,ΑΒ,ΕΠΙΔΟΡΠΙΟ ΓΙΑΟΥΡΤΙΟΥ ΚΕΡΑΣΙ 3 X 200 GR 2+1,2.21,Γαλακτοκομικά & Είδη Ψυγείου,8955716272158.jpg
epidorpio-giaourtiou-kerasi-3x200gr,ΑΒ,ΕΠΙΔΟΡΠΙΟ ΓΙΑΟΥΡΤΙΟΥ ΚΕΡΑΣΙ 3Χ200GR,3.32,Γαλακτοκομικά & Είδη Ψυγείου,8954466533406.jpg
epidorpio-giaourtiou-rodakino-3-x-200-gr-21,ΑΒ,ΕΠΙΔΟΡΠΙΟ ΓΙΑΟΥΡΤΙΟΥ ΡΟΔΑΚΙΝΟ 3 X 200 GR (2+1),2.21,Γαλακτοκομικά & Είδη Ψυγείου,8955719680030.jpg
epidorpio-giaourtiou-rodakino-3-x-200-gr,ΑΒ,ΕΠΙΔΟΡΠΙΟ ΓΙΑΟΥΡΤΙΟΥ ΡΟΔΑΚΙΝΟ 3 Χ 200 GR,3.32,Γαλακτοκομικά & Είδη Ψυγείου,8954496679966.jpg
epidorpio-giaourtiou-fraoula-3-x-200-gr-21,ΑΒ,ΕΠΙΔΟΡΠΙΟ ΓΙΑΟΥΡΤΙΟΥ ΦΡΑΟΥΛΑ 3 X 200 GR 2+1,2.21,Γαλακτοκομικά & Είδη Ψυγείου,8955718434846.jpg
epidorpio-giaourtiou-fraoula-3-x-200-gr,ΑΒ,ΕΠΙΔΟΡΠΙΟ ΓΙΑΟΥΡΤΙΟΥ ΦΡΑΟΥΛΑ 3 Χ 200 GR,3.32,Γαλακτοκομικά & Είδη Ψυγείου,8954481344542.jpg
krema-galaktos-light-3-x-200ml-prosfora-2-1-doro,ΑΒ,ΚΡΕΜΑ ΓΑΛΑΚΤΟΣ LIGHT 3 X 200ML ΠΡΟΣΦΟΡΑ 2 + 1 ΔΩΡΟ,1.72,Γαλακτοκομικά & Είδη Ψυγείου,8954470924318.jpg
krema-galaktos-uht-200-ml,ΑΒ,ΚΡΕΜΑ ΓΑΛΑΚΤΟΣ UHT 200 ML,1.28,Γαλακτοκομικά & Είδη Ψυγείου,8894576590878.jpg
krema-galaktos-uht-light-200-ml,ΑΒ,ΚΡΕΜΑ ΓΑΛΑΚΤΟΣ UHT LIGHT 200 ML,0.86,Γαλακτοκομικά & Είδη Ψυγείου,8893280845854.jpg
krema-galaktos-krema-galaktos-3-x-200-ml-prosfora-2-1-doro,ΑΒ,ΚΡΕΜΑ ΓΑΛΑΚΤΟΣ ΚΡΕΜΑ ΓΑΛΑΚΤΟΣ 3 Χ 200 ML ΠΡΟΣΦΟΡΑ 2 + 1 ΔΩΡΟ,2.56,Γαλακτοκομικά & Είδη Ψυγείου,8954475053086.jpg
margarini-250-gr,ΑΒ,ΜΑΡΓΑΡΙΝΗ 250 GR,0.94,Γαλακτοκομικά & Είδη Ψυγείου,8892045131806.jpg
rodami-boutyro-600-gr,ΑΒ,ΡΟΔΑΜΙ ΒΟΥΤΥΡΟ 600 GR,8.42,Γαλακτοκομικά & Είδη Ψυγείου,8910710243358.jpg
yga-large-6373-gr-10-tem,ΑΒ,ΥΓΑ LARGE 63/73 GR 10 ΤΕΜ,3.06,Γαλακτοκομικά & Είδη Ψυγείου,8894264180766.jpg
yga-medium-5363-gr-10-tem,ΑΒ,ΥΓΑ MEDIUM 53/63 GR 10 ΤΕΜ,2.87,Γαλακτοκομικά & Είδη Ψυγείου,8911763177502.jpg
yga-xlarge-73-gr-10-tem,ΑΒ,ΥΓΑ XLARGE 73+ GR 10 ΤΕΜ,3.24,Γαλακτοκομικά & Είδη Ψυγείου,8911761997854.jpg
yga-axyrona-medium-5363-gr-6-tem,ΑΒ,ΥΓΑ ΑΧΥΡΩΝΑ MEDIUM 53/63 GR 6 ΤΕΜ,1.85,Γαλακτοκομικά & Είδη Ψυγείου,8911741354014.jpg
yga-eleutheras-boskis-large-6373-gr-6-tem,ΑΒ,ΥΓΑ ΕΛΕΥΘΕΡΑΣ ΒΟΣΚΗΣ LARGE 63/73 GR 6 ΤΕΜ,2.46,Γαλακτοκομικά & Είδη Ψυγείου,8893356572702.jpg
yga-eleutheras-boskis-medium-5363-gr-6-tem,ΑΒ,ΥΓΑ ΕΛΕΥΘΕΡΑΣ ΒΟΣΚΗΣ MEDIUM 53/63 GR 6 ΤΕΜ,2.3,Γαλακτοκομικά & Είδη Ψυγείου,8903714668574.jpg
yga-eksairetika-freska-large-6373-gr-6-tem,ΑΒ,ΥΓΑ ΕΞΑΙΡΕΤΙΚΑ ΦΡΕΣΚΑ LARGE 63/73 GR 6 ΤΕΜ,1.98,Γαλακτοκομικά & Είδη Ψυγείου,8911763767326.jpg
yga-eksairetika-freska-medium-5363-gr-6-tem,ΑΒ,ΥΓΑ ΕΞΑΙΡΕΤΙΚΑ ΦΡΕΣΚΑ MEDIUM 53/63 GR 6 ΤΕΜ,1.89,Γαλακτοκομικά & Είδη Ψυγείου,8893168451614.jpg
fresko-fyllo-kroustas-500-gr,ΑΒ,ΦΡΕΣΚΟ ΦΥΛΛΟ ΚΡΟΥΣΤΑΣ 500 GR,3.3,Γαλακτοκομικά & Είδη Ψυγείου,8954933510174.jpg
fresko-fyllo-sfoliatas-650-gr,ΑΒ,ΦΡΕΣΚΟ ΦΥΛΛΟ ΣΦΟΛΙΑΤΑΣ 650 GR,2.96,Γαλακτοκομικά & Είδη Ψυγείου,8893045571614.jpg
fresko-fyllo-xoriatiko-500-gr,ΑΒ,ΦΡΕΣΚΟ ΦΥΛΛΟ ΧΩΡΙΑΤΙΚΟ 500 GR,3.3,Γαλακτοκομικά & Είδη Ψυγείου,8954932592670.jpg
freskos-xymos-fysikos-8-frouta-1-lt,ΑΒ,ΦΡΕΣΚΟΣ ΧΥΜΟΣ ΦΥΣΙΚΟΣ 8 ΦΡΟΥΤΑ 1 LT,1.63,Γαλακτοκομικά & Είδη Ψυγείου,8976266461214.jpg
freskos-xymos-fysikos-karoto-milo-portokali-1-lt,ΑΒ,ΦΡΕΣΚΟΣ ΧΥΜΟΣ ΦΥΣΙΚΟΣ ΚΑΡΟΤΟ ΜΗΛΟ ΠΟΡΤΟΚΑΛΙ 1 LT,1.63,Γαλακτοκομικά & Είδη Ψυγείου,8894407213086.jpg
freskos-xymos-fysikos-mantarini-sagkouini-1-lt,ΑΒ,ΦΡΕΣΚΟΣ ΧΥΜΟΣ ΦΥΣΙΚΟΣ ΜΑΝΤΑΡΙΝΙ ΣΑΓΚΟΥΙΝΙ 1 LT,1.26,Γαλακτοκομικά & Είδη Ψυγείου,8976269869086.jpg
freskos-xymos-fysikos-portokali-1-lt,ΑΒ,ΦΡΕΣΚΟΣ ΧΥΜΟΣ ΦΥΣΙΚΟΣ ΠΟΡΤΟΚΑΛΙ 1 LT,1.66,Γαλακτοκομικά & Είδη Ψυγείου,8892341420062.jpg
freskos-xymos-fysikos-portokali-15-lt,ΑΒ,ΦΡΕΣΚΟΣ ΧΥΜΟΣ ΦΥΣΙΚΟΣ ΠΟΡΤΟΚΑΛΙ 1.5 LT,2.34,Γαλακτοκομικά & Είδη Ψυγείου,8895979257886.jpg
froutopoto-mantarini-sagkouini-15-lt,ΑΒ,ΦΡΟΥΤΟΠΟΤΟ ΜΑΝΤΑΡΙΝΙ ΣΑΓΚΟΥΙΝΙ 1.5 LT,1.85,Γαλακτοκομικά & Είδη Ψυγείου,8891883651102.jpg
xymos-milo-mploumperii-rasmperi-kranmperi-1-lt,ΑΒ,ΧΥΜΟΣ ΜΗΛΟ ΜΠΛΟΥΜΠΕΡΙΙ ΡΑΣΜΠΕΡΙ ΚΡΑΝΜΠΕΡΙ 1 LT,1.95,Γαλακτοκομικά & Είδη Ψυγείου,8961053917214.jpg
ourti-leuko-0-lipara-3-x-200-gr,ΑΓΕΛΑΔΙΤΣΑ,ΟΥΡΤΙ ΛΕΥΚΟ 0% ΛΙΠΑΡΑ 3 Χ 200 GR,2.1,Γαλακτοκομικά & Είδη Ψυγείου,8895056969758.jpg
ourti-leuko-2-lipara-3-x-200-gr,ΑΓΕΛΑΔΙΤΣΑ,ΟΥΡΤΙ ΛΕΥΚΟ 2% ΛΙΠΑΡΑ 3 Χ 200 GR,2.1,Γαλακτοκομικά & Είδη Ψυγείου,8892122005534.jpg
ourti-leuko-3-x-200-gr,ΑΓΕΛΑΔΙΤΣΑ,ΟΥΡΤΙ ΛΕΥΚΟ 3 Χ 200 GR,2.1,Γαλακτοκομικά & Είδη Ψυγείου,8893748150302.jpg
yrti-leuko-gidino-biologiko-200-gr,ΑΓΡΟΚΤΗΜΑ ΛΙΑΠΗ,ΥΡΤΙ ΛΕΥΚΟ ΓΙΔΙΝΟ ΒΙΟΛΟΓΙΚΟ 200 GR,1.76,Γαλακτοκομικά & Είδη Ψυγείου,8893676027934.jpg
yrti-leuko-probeio-biologiko-220-gr,ΑΓΡΟΚΤΗΜΑ ΛΙΑΠΗ,ΥΡΤΙ ΛΕΥΚΟ ΠΡΟΒΕΙΟ ΒΙΟΛΟΓΙΚΟ 220 GR,2.18,Γαλακτοκομικά & Είδη Ψυγείου,8930585935902.jpg
soft-me-eksairetiko-partheno-elaiolado-250-gr-250-gr,ΑΛΤΙΣ,SOFT ΜΕ ΕΞΑΙΡΕΤΙΚΟ ΠΑΡΘΕΝΟ ΕΛΑΙΟΛΑΔΟ 250 GR 250 GR,2.16,Γαλακτοκομικά & Είδη Ψυγείου,8893302833182.jpg
margarini-soft-500-gr,ΑΛΤΙΣ,ΜΑΡΓΑΡΙΝΗ SOFT 500 GR,3.99,Γαλακτοκομικά & Είδη Ψυγείου,8954875576350.jpg
yga-freska-me-o3-6373gr-6-tem-6-t,ΑΜΕΡΙΚΑΝΙΚΗ ΓΕΩΡΓΙΚΗ ΣΧΟΛΗ,ΥΓΑ ΦΡΕΣΚΑ ΜΕ Ω3 63/73GR 6 ΤΕΜ 6 Τ,3.39,Γαλακτοκομικά & Είδη Ψυγείου,8893509337118.jpg
fresko-elafry-15-lipara-1-lt,ΑΜΕΡΙΚΑΝΙΚΗ ΓΕΩΡΓΙΚΗ ΣΧΟΛΗ,ΦΡΕΣΚΟ ΕΛΑΦΡΥ 1.5% ΛΙΠΑΡΑ 1 LT,2.22,Γαλακτοκομικά & Είδη Ψυγείου,8893639000094.jpg
fresko-plires-1-lt,ΑΜΕΡΙΚΑΝΙΚΗ ΓΕΩΡΓΙΚΗ ΣΧΟΛΗ,ΦΡΕΣΚΟ ΠΛΗΡΕΣ 1 LΤ,2.22,Γαλακτοκομικά & Είδη Ψυγείου,8892587048990.jpg
boutyro-galaktos-typou-kerkyras-82-lipara-250-gr,ΑΡΙΣΤΟΝ,ΒΟΥΤΥΡΟ ΓΑΛΑΚΤΟΣ ΤΥΠΟΥ ΚΕΡΚΥΡΑΣ 82 % ΛΙΠΑΡΑ 250 GR,3.86,Γαλακτοκομικά & Είδη Ψυγείου,8911953297438.jpg
12-tem,ΑΥΓΟΔΙΑΤΡΟΦΙΚΗ,12 ΤΕΜ,3.55,Γαλακτοκομικά & Είδη Ψυγείου,8892960538654.jpg
reusti-margarini-bitam-500-m,ΒΙΤΑΜ | GULINESSE,ΡΕΥΣΤΗ ΜΑΡΓΑΡΙΝΗ ΒΙΤΑΜ 500 M,2.33,Γαλακτοκομικά & Είδη Ψυγείου,8915116326942.jpg
e-basiliko-kai-elaiolado-225gr,ΒΙΤΑΜ,Ε ΒΑΣΙΛΙΚΟ ΚΑΙ ΕΛAIOΛΑΔΟ 225ΓΡ,1.69,Γαλακτοκομικά & Είδη Ψυγείου,8955708211230.jpg
rgarini-250-gr,ΒΙΤΑΜ,ΡΓΑΡΙΝΗ 250 GR,1.13,Γαλακτοκομικά & Είδη Ψυγείου,8894880874526.jpg
rgarini-me-boutyro-225-gr,ΒΙΤΑΜ,ΡΓΑΡΙΝΗ ΜΕ ΒΟΥΤΥΡΟ 225 GR,2.28,Γαλακτοκομικά & Είδη Ψυγείου,8962345762846.jpg
rgarini-me-boutyro-250-gr,ΒΙΤΑΜ,ΡΓΑΡΙΝΗ ΜΕ ΒΟΥΤΥΡΟ 250 GR,2.08,Γαλακτοκομικά & Είδη Ψυγείου,8962361360414.jpg
rgarini-me-elaio-karydas-225-gr,ΒΙΤΑΜ,ΡΓΑΡΙΝΗ ΜΕ ΕΛΑΙΟ ΚΑΡΥΔΑΣ 225 GR,1.69,Γαλακτοκομικά & Είδη Ψυγείου,8954869088286.jpg
rgarini-soft-1-kgr,ΒΙΤΑΜ,ΡΓΑΡΙΝΗ ΣΟΦΤ 1 KGR,4.48,Γαλακτοκομικά & Είδη Ψυγείου,8895215566878.jpg
rgarini-soft-250-gr,ΒΙΤΑΜ,ΡΓΑΡΙΝΗ ΣΟΦΤ 250 GR,1.33,Γαλακτοκομικά & Είδη Ψυγείου,8894736498718.jpg
rgarini-soft-500-gr,ΒΙΤΑΜ,ΡΓΑΡΙΝΗ ΣΟΦΤ 500 GR,2.51,Γαλακτοκομικά & Είδη Ψυγείου,8895966642206.jpg
rgarini-soft-light-250-gr,ΒΙΤΑΜ,ΡΓΑΡΙΝΗ ΣΟΦΤ LIGHT 250 GR,1.46,Γαλακτοκομικά & Είδη Ψυγείου,8895883182110.jpg
rofima-fyt-fountouki-kakao-1lt,ΒΙΤΑΜ,ΡΟΦΗΜΑ ΦΥΤ ΦΟΥΝΤΟΥΚΙ ΚΑΚΑΟ 1LT,3.68,Γαλακτοκομικά & Είδη Ψυγείου,8959601934366.jpg
rofima-fytiko-sogia-1lt,ΒΙΤΑΜ,ΡΟΦΗΜΑ ΦΥΤΙΚΟ ΣΟΓΙΑ 1LT,2.99,Γαλακτοκομικά & Είδη Ψυγείου,8959641649182.jpg
fytiko-rofima-amygdalo-1lt,ΒΙΤΑΜ,ΦΥΤΙΚΟ ΡΟΦΗΜΑ ΑΜΥΓΔΑΛΟ 1LT,3.09,Γαλακτοκομικά & Είδη Ψυγείου,8959614058526.jpg
yga-axyrona-extra-large-6373-gr-6-tem,ΒΛΑΧΑΚΗΣ,ΥΓΑ ΑΧΥΡΩΝΑ EXTRA LARGE 63/73 GR 6 ΤΕΜ,2.86,Γαλακτοκομικά & Είδη Ψυγείου,8892643639326.jpg
yga-axyrona-eksairetika-freska-6-tem,ΒΛΑΧΑΚΗΣ,ΥΓΑ ΑΧΥΡΩΝΑ ΕΞΑΙΡΕΤΙΚΑ ΦΡΕΣΚΑ 6 ΤΕΜ,2.24,Γαλακτοκομικά & Είδη Ψυγείου,8891935653918.jpg
yga-axyrona-eksairetika-freska-large-6373-gr-6-tem,ΒΛΑΧΑΚΗΣ,ΥΓΑ ΑΧΥΡΩΝΑ ΕΞΑΙΡΕΤΙΚΑ ΦΡΕΣΚΑ LARGE 63/73 GR 6 ΤΕΜ,2.29,Γαλακτοκομικά & Είδη Ψυγείου,8893161603102.jpg
yga-axyrona-kalampoki-6ada-53-63gr-050-1tem-050,ΒΛΑΧΑΚΗΣ,ΥΓΑ ΑΧΥΡΩΝΑ ΚΑΛΑΜΠΟΚΙ 6ΑΔΑ 53 63GR 0.50 1ΤΕΜ -0.50,2.48,Γαλακτοκομικά & Είδη Ψυγείου,product-no-image.svg
yga-axyrona-kalampoki-medium-5363-gr-6-tem,ΒΛΑΧΑΚΗΣ,ΥΓΑ ΑΧΥΡΩΝΑ ΚΑΛΑΜΠΟΚΙ MEDIUM 53/63 GR 6 ΤΕΜ,2.98,Γαλακτοκομικά & Είδη Ψυγείου,8891638972446.jpg
yga-biologika-biodeli-medium-5363-gr-6-tem,ΒΛΑΧΑΚΗΣ,ΥΓΑ ΒΙΟΛΟΓΙΚΑ BIODELI MEDIUM 53/63 GR 6 ΤΕΜ,3.96,Γαλακτοκομικά & Είδη Ψυγείου,8894413144094.jpg
yga-biologika-large-6373-gr-4-tem,ΒΛΑΧΑΚΗΣ,ΥΓΑ ΒΙΟΛΟΓΙΚΑ LARGE 63/73 GR 4 ΤΕΜ,3.16,Γαλακτοκομικά & Είδη Ψυγείου,8895828590622.jpg
yga-biologika-medium-5363-gr-4-tem,ΒΛΑΧΑΚΗΣ,ΥΓΑ ΒΙΟΛΟΓΙΚΑ MEDIUM 53/63 GR 4 ΤΕΜ,2.68,Γαλακτοκομικά & Είδη Ψυγείου,8903696384030.jpg
yga-biologika-medium-5363-gr-6-tem,ΒΛΑΧΑΚΗΣ,ΥΓΑ ΒΙΟΛΟΓΙΚΑ MEDIUM 53/63 GR 6 ΤΕΜ,3.75,Γαλακτοκομικά & Είδη Ψυγείου,8891627667486.jpg
yga-biologika-medium-5363-gr-6-tem,ΒΛΑΧΑΚΗΣ,ΥΓΑ ΒΙΟΛΟΓΙΚΑ MEDIUM 53/63 GR 6 ΤΕΜ,3.97,Γαλακτοκομικά & Είδη Ψυγείου,8893052125214.jpg
gala-ebapore-elafry-393-gr,ΒΛΑΧΑΣ | ΒΛΑΧΑΣ,ΓΑΛΑ ΕΒΑΠΟΡΕ ΕΛΑΦΡΥ 393 GR,0.93,Γαλακτοκομικά & Είδη Ψυγείου,8894249566238.jpg
gala-ebapore-elafry-6-x-393-gr,ΒΛΑΧΑΣ | ΒΛΑΧΑΣ,ΓΑΛΑ ΕΒΑΠΟΡΕ ΕΛΑΦΡΥ 6 X 393 GR,5.58,Γαλακτοκομικά & Είδη Ψυγείου,8895317213214.jpg
gala-light-merides-10-x-15-gr,ΒΛΑΧΑΣ,ΓΑΛΑ LIGHT ΜΕΡΙΔΕΣ 10 X 15 GR,0.9,Γαλακτοκομικά & Είδη Ψυγείου,8960702939166.jpg
gala-asbestio-393-gr,ΒΛΑΧΑΣ,ΓΑΛΑ ΑΣΒΕΣΤΙΟ 393 GR,1.08,Γαλακτοκομικά & Είδη Ψυγείου,8934759563294.jpg
gala-asbestio-6-x-393-gr,ΒΛΑΧΑΣ,ΓΑΛΑ ΑΣΒΕΣΤΙΟ 6 X 393 GR,6.48,Γαλακτοκομικά & Είδη Ψυγείου,8934757400606.jpg
gala-ebapore-elafry-170-gr,ΒΛΑΧΑΣ,ΓΑΛΑ ΕΒΑΠΟΡΕ ΕΛΑΦΡΥ 170 GR,0.55,Γαλακτοκομικά & Είδη Ψυγείου,8960697958430.jpg
gala-ebapore-merides-10-x-15-gr,ΒΛΑΧΑΣ,ΓΑΛΑ ΕΒΑΠΟΡΕ ΜΕΡΙΔΕΣ 10 X 15 GR,0.9,Γαλακτοκομικά & Είδη Ψυγείου,8960696123422.jpg
gala-ebapore-plires-170-gr,ΒΛΑΧΑΣ,ΓΑΛΑ ΕΒΑΠΟΡΕ ΠΛΗΡΕΣ 170 GR,0.55,Γαλακτοκομικά & Είδη Ψυγείου,8960718340126.jpg
gala-ebapore-plires-388-gr,ΒΛΑΧΑΣ,ΓΑΛΑ ΕΒΑΠΟΡΕ ΠΛΗΡΕΣ 388 GR,0.93,Γαλακτοκομικά & Είδη Ψυγείου,8893190832158.jpg
gala-ebapore-plires-6-x-388-gr,ΒΛΑΧΑΣ,ΓΑΛΑ ΕΒΑΠΟΡΕ ΠΛΗΡΕΣ 6 X 388 GR,5.58,Γαλακτοκομικά & Είδη Ψυγείου,8892953460766.jpg
gala-ebapore-plires-me-perissotero-asbestio-393-gr,ΒΛΑΧΑΣ,ΓΑΛΑ ΕΒΑΠΟΡΕ ΠΛΗΡΕΣ ΜΕ ΠΕΡΙΣΣΟΤΕΡΟ ΑΣΒΕΣΤΙΟ 393 GR,1.08,Γαλακτοκομικά & Είδη Ψυγείου,8892745777182.jpg
gala-zaxarouxo-me-eukolo-anoigma-397-gr-397-gr,ΒΛΑΧΑΣ,ΓΑΛΑ ΖΑΧΑΡΟΥΧΟ ΜΕ ΕΥΚΟΛΟ ΑΝΟΙΓΜΑ 397 GR 397 GR,1.28,Γαλακτοκομικά & Είδη Ψυγείου,8896247726110.jpg
epidorpio-anthos-arabositou-krema-sokolata-4-x-100-gr,ΓΙΩΤΗΣ,ΕΠΙΔΟΡΠΙO ΑΝΘΟΣ ΑΡΑΒΟΣΙΤΟΥ ΚΡΕΜΑ ΣΟΚΟΛΑΤΑ 4 Χ 100 GR,2.84,Γαλακτοκομικά & Είδη Ψυγείου,8839310016542.jpg
epidorpio-anthos-arabositou-sokolata-4-x-100-gr,ΓΙΩΤΗΣ,ΕΠΙΔΟΡΠΙO ΑΝΘΟΣ ΑΡΑΒΟΣΙΤΟΥ ΣΟΚΟΛΑΤΑ 4 Χ 100 GR,2.84,Γαλακτοκομικά & Είδη Ψυγείου,8813572096030.jpg
epidorpio-zele-kerasi-2-x-165-gr,ΓΙΩΤΗΣ,ΕΠΙΔΟΡΠΙO ΖΕΛΕ ΚΕΡΑΣΙ 2 X 165 GR,1.72,Γαλακτοκομικά & Είδη Ψυγείου,8904149762078.jpg
epidorpio-zele-fraoula-2-x-165-gr,ΓΙΩΤΗΣ,ΕΠΙΔΟΡΠΙO ΖΕΛΕ ΦΡΑΟΥΛΑ 2 X 165 GR,1.86,Γαλακτοκομικά & Είδη Ψυγείου,8893245587486.jpg
epidorpio-krema-banilia-4-x-100-gr,ΓΙΩΤΗΣ,ΕΠΙΔΟΡΠΙO ΚΡΕΜΑ ΒΑΝΙΛΙΑ 4 Χ 100 GR,2.84,Γαλακτοκομικά & Είδη Ψυγείου,8895416533022.jpg
epidorpio-krema-karamele-4-x-100-gr,ΓΙΩΤΗΣ,ΕΠΙΔΟΡΠΙO ΚΡΕΜΑ ΚΑΡΑΜΕΛΕ 4 Χ 100 GR,2.57,Γαλακτοκομικά & Είδη Ψυγείου,8895268519966.jpg
krema-banilia-2-x-170-gr,ΓΙΩΤΗΣ,ΚΡΕΜΑ ΒΑΝΙΛΙΑ 2 Χ 170 GR,2.18,Γαλακτοκομικά & Είδη Ψυγείου,8839214071838.jpg
magia-nopi-2-x-25-gr,ΓΙΩΤΗΣ,ΜΑΓΙΑ ΝΩΠΗ 2 X 25 GR,0.34,Γαλακτοκομικά & Είδη Ψυγείου,8892197863454.jpg
gala-xoris-laktozi-1-lt,ΔΕΛΤΑ | DAILY,ΓΑΛΑ ΧΩΡΙΣ ΛΑΚΤΟΖΗ 1 LT,2.22,Γαλακτοκομικά & Είδη Ψυγείου,8941164462110.jpg
snak-galaktokeik-me-meli-5-x-28-g,ΔΕΛΤΑ | SMART,ΣΝΑΚ ΓΑΛΑΚΤΟΚΕΪΚ ΜΕ ΜΕΛΙ 5 Χ 28 G,2.68,Γαλακτοκομικά & Είδη Ψυγείου,8935847526430.jpg
snak-galaktokeik-sokolatas-4-x-34-g,ΔΕΛΤΑ | SMART,ΣΝΑΚ ΓΑΛΑΚΤΟΚΕΪΚ ΣΟΚΟΛΑΤΑΣ 4 Χ 34 G,2.57,Γαλακτοκομικά & Είδη Ψυγείου,8811790336030.jpg
gala-plires-2-lt,ΔΕΛΤΑ | ΜΙΚΡΕΣ ΟΙΚ.ΦΑΡΜΕΣ,ΓΑΛΑ ΠΛΗΡΕΣ 2 LT,2.95,Γαλακτοκομικά & Είδη Ψυγείου,8892582297630.jpg
gala-fresko-elafry-1-lt,ΔΕΛΤΑ | ΜΙΚΡΕΣ ΟΙΚ.ΦΑΡΜΕΣ,ΓΑΛΑ ΦΡΕΣΚΟ ΕΛΑΦΡΥ 1 LT,1.55,Γαλακτοκομικά & Είδη Ψυγείου,8895163072542.jpg
gala-fresko-elafry-2-lt,ΔΕΛΤΑ | ΜΙΚΡΕΣ ΟΙΚ.ΦΑΡΜΕΣ,ΓΑΛΑ ΦΡΕΣΚΟ ΕΛΑΦΡΥ 2 LT,2.95,Γαλακτοκομικά & Είδη Ψυγείου,8894704517150.jpg
gala-fresko-plires-1-lt,ΔΕΛΤΑ | ΜΙΚΡΕΣ ΟΙΚ.ΦΑΡΜΕΣ,ΓΑΛΑ ΦΡΕΣΚΟ ΠΛΗΡΕΣ 1 LT,1.55,Γαλακτοκομικά & Είδη Ψυγείου,8893137715230.jpg
giaourti-leuko-straggisto-10-lipara-2-x-200-gr,ΔΕΛΤΑ | ΜΙΚΡΕΣ ΟΙΚ.ΦΑΡΜΕΣ,ΓΙΑΟΥΡΤΙ ΛΕΥΚΟ ΣΤΡΑΓΓΙΣΤΟ 10% ΛΙΠΑΡΑ 2 X 200 GR,2.5,Γαλακτοκομικά & Είδη Ψυγείου,8891917336606.jpg
gala-fresko-light-1-lt,ΔΕΛΤΑ,ΓΑΛΑ ΦΡΕΣΚΟ LIGHT 1 LT,1.12,Γαλακτοκομικά & Είδη Ψυγείου,8977325359134.jpg
gala-fresko-light-2-lt,ΔΕΛΤΑ,ΓΑΛΑ ΦΡΕΣΚΟ LIGHT 2 LT,2.18,Γαλακτοκομικά & Είδη Ψυγείου,8977332305950.jpg
gala-fresko-light-500-ml,ΔΕΛΤΑ,ΓΑΛΑ ΦΡΕΣΚΟ LIGHT 500 ML,0.8,Γαλακτοκομικά & Είδη Ψυγείου,8977308450846.jpg
gala-fresko-katsikisio-1-lt,ΔΕΛΤΑ,ΓΑΛΑ ΦΡΕΣΚΟ ΚΑΤΣΙΚΙΣΙΟ 1 LT,2.35,Γαλακτοκομικά & Είδη Ψυγείου,8977501618206.jpg
gala-fresko-plires-1-lt,ΔΕΛΤΑ,ΓΑΛΑ ΦΡΕΣΚΟ ΠΛΗΡΕΣ 1 LT,1.12,Γαλακτοκομικά & Είδη Ψυγείου,8977310023710.jpg
gala-fresko-plires-2-lt,ΔΕΛΤΑ,ΓΑΛΑ ΦΡΕΣΚΟ ΠΛΗΡΕΣ 2 LT,2.18,Γαλακτοκομικά & Είδη Ψυγείου,8977330733086.jpg
gala-fresko-plires-500-ml,ΔΕΛΤΑ,ΓΑΛΑ ΦΡΕΣΚΟ ΠΛΗΡΕΣ 500 ML,0.8,Γαλακτοκομικά & Είδη Ψυγείου,8977306877982.jpg
iplostraggisto-giaourti-10-3x200gr,ΔΕΛΤΑ,ΙΠΛΟΣΤΡΑΓΓΙΣΤΟ ΓΙΑΟΥΡΤΙ 10% 3X200GR,2.85,Γαλακτοκομικά & Είδη Ψυγείου,8958572953630.jpg
iplostraggisto-giaourti,ΔΕΛΤΑ,ΙΠΛΟΣΤΡΑΓΓΙΣΤΟ ΓΙΑΟΥΡΤΙ,2.85,Γαλακτοκομικά & Είδη Ψυγείου,8956969189406.jpg
krema-galaktos-35-lipara-3-x-250-ml-prosfora-2-1-doro,ΔΕΛΤΑ,ΚΡΕΜΑ ΓΑΛΑΚΤΟΣ 35 % ΛΙΠΑΡΑ 3 X 250 ML ΠΡΟΣΦΟΡΑ 2 + 1 ΔΩΡΟ,5.06,Γαλακτοκομικά & Είδη Ψυγείου,8955096596510.jpg
krema-galaktos-uht-17-lipara-3-x-250-ml-prosfora-2-1-doro,ΔΕΛΤΑ,ΚΡΕΜΑ ΓΑΛΑΚΤΟΣ UHT 17 % ΛΙΠΑΡΑ 3 Χ 250 ML ΠΡΟΣΦΟΡΑ 2 + 1 ΔΩΡΟ,3.12,Γαλακτοκομικά & Είδη Ψυγείου,8955099086878.jpg
rofima-amygdalo-1lt,ΔΕΛΤΑ,ΡΟΦΗΜΑ ΑΜΥΓΔΑΛΟ 1LT,2.96,Γαλακτοκομικά & Είδη Ψυγείου,8957304307742.jpg
rofima-amygdalo-xoris-zaxari-1lt,ΔΕΛΤΑ,ΡΟΦΗΜΑ ΑΜΥΓΔΑΛΟ ΧΩΡΙΣ ΖΑΧΑΡΗ 1LT,2.96,Γαλακτοκομικά & Είδη Ψυγείου,8958568890398.jpg
frgala-plires-2ltsmart-mpanana-240,ΔΕΛΤΑ,ΦΡ.ΓΑΛΑ ΠΛΗΡΕΣ 2ΛΤ+SMART ΜΠΑΝΑΝΑ 240,2.18,Γαλακτοκομικά & Είδη Ψυγείου,product-no-image.svg
freskos-xymos-milo-portokali-200ml,ΔΕΛΤΑ,ΦΡΕΣΚΟΣ ΧΥΜΟΣ ΜΗΛΟ ΠΟΡΤΟΚΑΛΙ 200ML,0.7,Γαλακτοκομικά & Είδη Ψυγείου,8894841815070.jpg
freskos-xymos-rodakino-berikoko-200ml,ΔΕΛΤΑ,ΦΡΕΣΚΟΣ ΧΥΜΟΣ ΡΟΔΑΚΙΝΟ ΒΕΡΙΚΟΚΟ 200ML,0.7,Γαλακτοκομικά & Είδη Ψυγείου,8893244276766.jpg
giaourti-leuko-agelados-paradosiako-240-gr,ΔΗΜΗΤΡΙΟΥ,ΓΙΑΟΥΡΤΙ ΛΕΥΚΟ ΑΓΕΛΑΔΟΣ ΠΑΡΑΔΟΣΙΑΚΟ 240 GR,0.98,Γαλακτοκομικά & Είδη Ψυγείου,8893325213726.jpg
giaourti-leuko-agelados-paradosiako-500-gr,ΔΗΜΗΤΡΙΟΥ,ΓΙΑΟΥΡΤΙ ΛΕΥΚΟ ΑΓΕΛΑΔΟΣ ΠΑΡΑΔΟΣΙΑΚΟ 500 GR,1.66,Γαλακτοκομικά & Είδη Ψυγείου,8891886862366.jpg
giaourti-leuko-katsikisio-240-gr,ΔΗΜΗΤΡΙΟΥ,ΓΙΑΟΥΡΤΙ ΛΕΥΚΟ ΚΑΤΣΙΚΙΣΙΟ 240 GR,1.16,Γαλακτοκομικά & Είδη Ψυγείου,8892884713502.jpg
giaourti-leuko-ppobeio-kai-agelados-220-gr,ΔΗΜΗΤΡΙΟΥ,ΓΙΑΟΥΡΤΙ ΛΕΥΚΟ ΠPOBEIO ΚΑΙ ΑΓΕΛΑΔΟΣ 220 GR,1.25,Γαλακτοκομικά & Είδη Ψυγείου,8895599411230.jpg
giaourti-leuko-ppobeio-pilino-1-kgr,ΔΗΜΗΤΡΙΟΥ,ΓΙΑΟΥΡΤΙ ΛΕΥΚΟ ΠPOBEIO ΠΗΛΙΝΟ 1 KGR,3.46,Γαλακτοκομικά & Είδη Ψυγείου,8894928715806.jpg
giaourti-probeio-2-1-tem-1-tem,ΔΗΜΗΤΡΙΟΥ,ΓΙΑΟΥΡΤΙ ΠΡΟΒΕΙΟ 2% 1 TEM 1 TEM,1.22,Γαλακτοκομικά & Είδη Ψυγείου,8895569952798.jpg
epidorpio-krema-160-180-gr,ΔΗΜΗΤΡΙΟΥ,ΕΠΙΔΟΡΠΙO ΚΡΕΜΑ 160-180 GR,0.94,Γαλακτοκομικά & Είδη Ψυγείου,8910681341982.jpg
epidorpio-krema-banilia-0-180-gr,ΔΗΜΗΤΡΙΟΥ,ΕΠΙΔΟΡΠΙO ΚΡΕΜΑ ΒΑΝΙΛΙΑ 0% 180 GR,1.02,Γαλακτοκομικά & Είδη Ψυγείου,8891836203038.jpg
epidorpio-kremozele-fraoula-180-gr,ΔΗΜΗΤΡΙΟΥ,ΕΠΙΔΟΡΠΙO ΚΡΕΜΟΖΕΛΕ ΦΡΑΟΥΛΑ 180 GR,1.02,Γαλακτοκομικά & Είδη Ψυγείου,8894328930334.jpg
epidorpio-ryzogalo-0-160-gr,ΔΗΜΗΤΡΙΟΥ,ΕΠΙΔΟΡΠΙO ΡΥΖΟΓΑΛΟ 0% 160 GR,1.02,Γαλακτοκομικά & Είδη Ψυγείου,8828848275486.jpg
epidorpio-ryzogalo-160-gr,ΔΗΜΗΤΡΙΟΥ,ΕΠΙΔΟΡΠΙO ΡΥΖΟΓΑΛΟ 160 GR,0.94,Γαλακτοκομικά & Είδη Ψυγείου,8910708998174.jpg
epidorpio-ryzogalo-500-gr,ΔΗΜΗΤΡΙΟΥ,ΕΠΙΔΟΡΠΙO ΡΥΖΟΓΑΛΟ 500 GR,2.35,Γαλακτοκομικά & Είδη Ψυγείου,8910707752990.jpg
ksynogalo-450ml,ΔΡΟΣΑΤΟ,ΞΥΝΟΓΑΛΟ 450ML,1.48,Γαλακτοκομικά & Είδη Ψυγείου,8894373625886.jpg
giaourti-leuko-straggisto-2-lipara-1-kgr,ΔΩΔΩΝΗ,ΓΙΑΟΥΡΤΙ ΛΕΥΚΟ ΣΤΡΑΓΓΙΣΤΟ 2% ΛΙΠΑΡΑ 1 KGR,3.4,Γαλακτοκομικά & Είδη Ψυγείου,8894070390814.jpg
giaourti-leuko-straggisto-2-lipara-3-x-200-gr,ΔΩΔΩΝΗ,ΓΙΑΟΥΡΤΙ ΛΕΥΚΟ ΣΤΡΑΓΓΙΣΤΟ 2% ΛΙΠΑΡΑ 3 X 200 GR,3.9,Γαλακτοκομικά & Είδη Ψυγείου,8933119623198.jpg
giaourti-leuko-straggisto-8-lipara-3-x-200-gr-straggisto-8-lipara-3-x-200-gr-prosfora-2-1-doro,ΔΩΔΩΝΗ,ΓΙΑΟΥΡΤΙ ΛΕΥΚΟ ΣΤΡΑΓΓΙΣΤΟ 8 % ΛΙΠΑΡΑ 3 X 200 GR ΣΤΡΑΓΓΙΣΤΟ 8 % ΛΙΠΑΡΑ 3 X 200 GR ΠΡΟΣΦΟΡΑ 2 + 1 ΔΩΡΟ,2.6,Γαλακτοκομικά & Είδη Ψυγείου,8894513119262.jpg
giaourti-leuko-straggisto-8-lipara-3-x-200-gr,ΔΩΔΩΝΗ,ΓΙΑΟΥΡΤΙ ΛΕΥΚΟ ΣΤΡΑΓΓΙΣΤΟ 8% ΛΙΠΑΡΑ 3 X 200 GR,2.6,Γαλακτοκομικά & Είδη Ψυγείου,8811761827870.jpg
giaourti-straggisto-1-kgr-1-kgr,ΔΩΔΩΝΗ,ΓΙΑΟΥΡΤΙ ΣΤΡΑΓΓΙΣΤΟ 1 KGR 1 KGR,3.4,Γαλακτοκομικά & Είδη Ψυγείου,8932247961630.jpg
giourti-leuko-straggisto-2-lipara-3-x-200-gr-prosfora-2-1-doro,ΔΩΔΩΝΗ,ΓΙΟΥΡΤΙ ΛΕΥΚΟ ΣΤΡΑΓΓΙΣΤΟ 2% ΛΙΠΑΡΑ 3 Χ 200 GR ΠΡΟΣΦΟΡΑ 2 + 1 ΔΩΡΟ,2.6,Γαλακτοκομικά & Είδη Ψυγείου,8894928420894.jpg
fresko-gala-elafry-1-lt,ΔΩΔΩΝΗ,ΦΡΕΣΚΟ ΓΑΛΑ ΕΛΑΦΡΥ 1 LT,1.28,Γαλακτοκομικά & Είδη Ψυγείου,8954841497630.jpg
fresko-gala-plires-1-lt,ΔΩΔΩΝΗ,ΦΡΕΣΚΟ ΓΑΛΑ ΠΛΗΡΕΣ 1 LT,1.28,Γαλακτοκομικά & Είδη Ψυγείου,8954887569438.jpg
fresko-gala-sokolatouxo-1-lt,ΔΩΔΩΝΗ,ΦΡΕΣΚΟ ΓΑΛΑ ΣΟΚΟΛΑΤΟΥΧΟ 1 LT,1.1,Γαλακτοκομικά & Είδη Ψυγείου,8954828259358.jpg
gala-elafry-15-1lt,ΕΒΟΛ,ΓΑΛΑ ΕΛΑΦΡΥ 1.5% 1LT,1.05,Γαλακτοκομικά & Είδη Ψυγείου,product-no-image.svg
gala-plires-37-1lt,ΕΒΟΛ,ΓΑΛΑ ΠΛΗΡΕΣ 3.7% 1LT,1.05,Γαλακτοκομικά & Είδη Ψυγείου,product-no-image.svg
gala-ypsilis-pasteriosis-sokolatouxo-230-ml,ΕΒΟΛ,ΓΑΛΑ ΥΨΗΛΗΣ ΠΑΣΤΕΡΙΩΣΗΣ ΣΟΚΟΛΑΤΟΥΧΟ 230 ML,0.75,Γαλακτοκομικά & Είδη Ψυγείου,8891574517790.jpg
gala-fresko-biologiko-plires-1-lt,ΕΒΟΛ,ΓΑΛΑ ΦΡΕΣΚΟ ΒΙΟΛΟΓΙΚΟ ΠΛΗΡΕΣ 1 LT,2.46,Γαλακτοκομικά & Είδη Ψυγείου,8893274521630.jpg
gala-fresko-elafry-1lt,ΕΒΟΛ,ΓΑΛΑ ΦΡΕΣΚΟ ΕΛΑΦΡΥ 1LT,1.25,Γαλακτοκομικά & Είδη Ψυγείου,product-no-image.svg
gala-fresko-katsikisio-biologiko-590-ml,ΕΒΟΛ,ΓΑΛΑ ΦΡΕΣΚΟ ΚΑΤΣΙΚΙΣΙΟ ΒΙΟΛΟΓΙΚΟ 590 ML,1.82,Γαλακτοκομικά & Είδη Ψυγείου,8895758336030.jpg
gala-fresko-plires-1lt,ΕΒΟΛ,ΓΑΛΑ ΦΡΕΣΚΟ ΠΛΗΡΕΣ 1LT,1.25,Γαλακτοκομικά & Είδη Ψυγείου,product-no-image.svg
gala-fresko-plires-590-ml,ΕΒΟΛ,ΓΑΛΑ ΦΡΕΣΚΟ ΠΛΗΡΕΣ 590 ML,1.05,Γαλακτοκομικά & Είδη Ψυγείου,8894837424158.jpg
giaourti-leuko-agelados-biologiko-190-ml,ΕΒΟΛ,ΓΙΑΟΥΡΤΙ ΛΕΥΚΟ ΑΓΕΛΑΔΟΣ ΒΙΟΛΟΓΙΚΟ 190 ML,1.3,Γαλακτοκομικά & Είδη Ψυγείου,8894944182302.jpg
giaourti-leuko-katsikisio-biologiko-190-gr,ΕΒΟΛ,ΓΙΑΟΥΡΤΙ ΛΕΥΚΟ ΚΑΤΣΙΚΙΣΙΟ ΒΙΟΛΟΓΙΚΟ 190 GR,1.3,Γαλακτοκομικά & Είδη Ψυγείου,8895698337822.jpg
giaourti-leuko-probeio-6-lipara-290-gr,ΕΒΟΛ,ΓΙΑΟΥΡΤΙ ΛΕΥΚΟ ΠΡΟΒΕΙΟ 6% ΛΙΠΑΡΑ 290 GR,1.18,Γαλακτοκομικά & Είδη Ψυγείου,8893379903518.jpg
giaourti-leuko-probeio-biologiko-190-gr,ΕΒΟΛ,ΓΙΑΟΥΡΤΙ ΛΕΥΚΟ ΠΡΟΒΕΙΟ ΒΙΟΛΟΓΙΚΟ 190 GR,1.6,Γαλακτοκομικά & Είδη Ψυγείου,8895378161694.jpg
giaourti-leuko-agelados-240-gr-240-gr,ΕΒΡΟΦΑΡΜΑ,ΓΙΑΟΥΡΤΙ ΛΕΥΚΟ ΑΓΕΛΑΔΟΣ 240 GR 240 GR,0.79,Γαλακτοκομικά & Είδη Ψυγείου,8896241893406.jpg
giaourti-leuko-probeio-240-gr-240-gr,ΕΒΡΟΦΑΡΜΑ,ΓΙΑΟΥΡΤΙ ΛΕΥΚΟ ΠΡΟΒΕΙΟ 240 GR 240 GR,0.97,Γαλακτοκομικά & Είδη Ψυγείου,8896241696798.jpg
gala-fresko-eklekton-35-lipara-1-lt,ΕΚΛΕΚΤΟΝ,ΓΑΛΑ ΦΡΕΣΚΟ ΕΚΛΕΚΤΟΝ 3.5% ΛΙΠΑΡΑ 1 LT,1.5,Γαλακτοκομικά & Είδη Ψυγείου,8892054208542.jpg
gala-fresko-elafry-1-lt-1-lt,ΕΚΛΕΚΤΟΝ,ΓΑΛΑ ΦΡΕΣΚΟ ΕΛΑΦΡΥ 1 LT 1 LT,1.5,Γαλακτοκομικά & Είδη Ψυγείου,8893630971934.jpg
giaourti-leuko-straggisto-15-lipara-3-x-200-gr,ΕΚΛΕΚΤΟΝ,ΓΙΑΟΥΡΤΙ ΛΕΥΚΟ ΣΤΡΑΓΓΙΣΤΟ 1.5 % ΛΙΠΑΡΑ 3 Χ 200 GR,3.27,Γαλακτοκομικά & Είδη Ψυγείου,8968439136286.jpg
giaourti-leuko-straggisto-plires-3-x-200-gr,ΕΚΛΕΚΤΟΝ,ΓΙΑΟΥΡΤΙ ΛΕΥΚΟ ΣΤΡΑΓΓΙΣΤΟ ΠΛΗΡΕΣ 3 Χ 200 GR,3.27,Γαλακτοκομικά & Είδη Ψυγείου,8968454078494.jpg
radi-augou-pasteriomeno-fiali-500gr,ΕΠΙΛΟΓΕΣ ΒΛΑΧΑΚΗ,ΡΑΔΙ ΑΥΓΟΥ ΠΑΣΤΕΡΙΩΜΕΝΟ ΦΙΑΛΗ 500ΓΡ,2.94,Γαλακτοκομικά & Είδη Ψυγείου,8916996718622.jpg
boutyro-galaktos-typou-kerkyras-250-gr,ΗΠΕΙΡΟΣ,ΒΟΥΤΥΡΟ ΓΑΛΑΚΤΟΣ ΤΥΠΟΥ ΚΕΡΚΥΡΑΣ 250 GR,3.66,Γαλακτοκομικά & Είδη Ψυγείου,8895465521182.jpg
freskos-xymos-nektar-lemonada-1-lt,ΚΑΜΠΟΣ ΧΙΟΥ,ΦΡΕΣΚΟΣ ΧΥΜΟΣ ΝΕΚΤΑΡ ΛΕΜΟΝΑΔΑ 1 LT,2.02,Γαλακτοκομικά & Είδη Ψυγείου,8895225036830.jpg
freskos-xymos-nektar-lemonada-500-ml,ΚΑΜΠΟΣ ΧΙΟΥ,ΦΡΕΣΚΟΣ ΧΥΜΟΣ ΝΕΚΤΑΡ ΛΕΜΟΝΑΔΑ 500 ML,1.38,Γαλακτοκομικά & Είδη Ψυγείου,8892651634718.jpg
freskos-xymos-nektar-mantarini-sagkouini-1-lt,ΚΑΜΠΟΣ ΧΙΟΥ,ΦΡΕΣΚΟΣ ΧΥΜΟΣ ΝΕΚΤΑΡ ΜΑΝΤΑΡΙΝΙ ΣΑΓΚΟΥΪΝΙ 1 LT,2.02,Γαλακτοκομικά & Είδη Ψυγείου,8893038329886.jpg
freskos-xymos-nektar-miks-500-ml,ΚΑΜΠΟΣ ΧΙΟΥ,ΦΡΕΣΚΟΣ ΧΥΜΟΣ ΝΕΚΤΑΡ ΜΙΞ 500 ML,1.38,Γαλακτοκομικά & Είδη Ψυγείου,8962817884190.jpg
freskos-xymos-fysikos-mantarini-1-lt,ΚΑΜΠΟΣ ΧΙΟΥ,ΦΡΕΣΚΟΣ ΧΥΜΟΣ ΦΥΣΙΚΟΣ ΜΑΝΤΑΡΙΝΙ 1 LT,2.72,Γαλακτοκομικά & Είδη Ψυγείου,8962828501022.jpg
freskos-xymos-fysikos-mantarini-500-ml,ΚΑΜΠΟΣ ΧΙΟΥ,ΦΡΕΣΚΟΣ ΧΥΜΟΣ ΦΥΣΙΚΟΣ ΜΑΝΤΑΡΙΝΙ 500 ML,1.38,Γαλακτοκομικά & Είδη Ψυγείου,8892821536798.jpg
freskos-xymos-fysikos-portokali-1-lt,ΚΑΜΠΟΣ ΧΙΟΥ,ΦΡΕΣΚΟΣ ΧΥΜΟΣ ΦΥΣΙΚΟΣ ΠΟΡΤΟΚΑΛΙ 1 LT,2.72,Γαλακτοκομικά & Είδη Ψυγείου,8962810740766.jpg
freskos-xymos-fysikos-portokali-milo-rodi-1-lt,ΚΑΜΠΟΣ ΧΙΟΥ,ΦΡΕΣΚΟΣ ΧΥΜΟΣ ΦΥΣΙΚΟΣ ΠΟΡΤΟΚΑΛΙ ΜΗΛΟ ΡΟΔΙ 1 LT,2.72,Γαλακτοκομικά & Είδη Ψυγείου,8892233908254.jpg
fysikos-xymos-mantarini-750-ml,ΚΑΜΠΟΣ ΧΙΟΥ,ΦΥΣΙΚΟΣ ΧΥΜΟΣ ΜΑΝΤΑΡΙΝΙ 750 ML,1.98,Γαλακτοκομικά & Είδη Ψυγείου,8961027375134.jpg
fysikos-xymos-portokali-750-ml,ΚΑΜΠΟΣ ΧΙΟΥ,ΦΥΣΙΚΟΣ ΧΥΜΟΣ ΠΟΡΤΟΚΑΛΙ 750 ML,1.98,Γαλακτοκομικά & Είδη Ψυγείου,8961094221854.jpg
superspoon-blueberry-2x170-050e,ΚΡΙ ΚΡΙ,SUPERSPOON BLUEBERRY 2X170 0.50E,1.98,Γαλακτοκομικά & Είδη Ψυγείου,product-no-image.svg
superspoon-gojiberry-2x170gr-050e,ΚΡΙ ΚΡΙ,SUPERSPOON GOJIBERRY 2X170GR 0.50E,1.98,Γαλακτοκομικά & Είδη Ψυγείου,product-no-image.svg
superspoon-mpanana-mangko-2x170gr-050,ΚΡΙ ΚΡΙ,SUPERSPOON ΜΠΑΝΑΝΑ ΜΑΝΓΚΟ 2X170GR 0.50,1.98,Γαλακτοκομικά & Είδη Ψυγείου,product-no-image.svg
giaourti-leuko-agelados-2-lipara-3-x-200-gr-prosfora-2-1-doro,ΚΡΙ ΚΡΙ,ΓΙΑΟΥΡΤΙ ΛΕΥΚΟ ΑΓΕΛΑΔΟΣ 2 % ΛΙΠΑΡΑ 3 Χ 200 GR ΠΡΟΣΦΟΡΑ 2 + 1 ΔΩΡΟ,1.79,Γαλακτοκομικά & Είδη Ψυγείου,8895237292062.jpg
giaourti-leuko-agelados-385-lipara-agelados-385-lipara-3-x-200-gr-prosfora-2-1-doro,ΚΡΙ ΚΡΙ,ΓΙΑΟΥΡΤΙ ΛΕΥΚΟ ΑΓΕΛΑΔΟΣ 3.85 % ΛΙΠΑΡΑ ΑΓΕΛΑΔΟΣ 3.85 % ΛΙΠΑΡΑ 3 X 200 GR ΠΡΟΣΦΟΡΑ 2 + 1 ΔΩΡΟ,1.8,Γαλακτοκομικά & Είδη Ψυγείου,8894454431774.jpg
giaourti-leuko-straggisto-10-lipara-1-kgr,ΚΡΙ ΚΡΙ,ΓΙΑΟΥΡΤΙ ΛΕΥΚΟ ΣΤΡΑΓΓΙΣΤΟ 10% ΛΙΠΑΡΑ 1 KGR,3.38,Γαλακτοκομικά & Είδη Ψυγείου,8940505366558.jpg
giaourti-leuko-straggisto-2-lipara-1-kgr,ΚΡΙ ΚΡΙ,ΓΙΑΟΥΡΤΙ ΛΕΥΚΟ ΣΤΡΑΓΓΙΣΤΟ 2% ΛΙΠΑΡΑ 1 KGR,3.38,Γαλακτοκομικά & Είδη Ψυγείου,8940502876190.jpg
giaourti-straggisto-10-3-x-200-gr-prosfora-2-1-doro,ΚΡΙ ΚΡΙ,ΓΙΑΟΥΡΤΙ ΣΤΡΑΓΓIΣTΟ 10% 3 Χ 200 GR ΠΡΟΣΦΟΡΑ 2 + 1 ΔΩΡΟ,2.68,Γαλακτοκομικά & Είδη Ψυγείου,8940389466142.jpg
giaourti-straggisto-2-3-x-200-gr,ΚΡΙ ΚΡΙ,ΓΙΑΟΥΡΤΙ ΣΤΡΑΓΓIΣTΟ 2% 3 Χ 200 GR,2.68,Γαλακτοκομικά & Είδη Ψυγείου,8940394446878.jpg
epid-lemoni-tzint-3x200g-21do,ΚΡΙ ΚΡΙ,ΕΠΙΔ ΛΕΜΟΝΙ ΤΖΙΝΤ 3X200G 2+1ΔΩ,2.8,Γαλακτοκομικά & Είδη Ψυγείου,product-no-image.svg
epidorpio-giaourtiou-aktinidio-3-x-200-gr-600-gr-prosfora-2-1-doro,ΚΡΙ ΚΡΙ,ΕΠΙΔΟΡΠΙΟ ΓΙΑΟΥΡΤΙΟΥ ΑΚΤΙΝΙΔΙΟ 3 Χ 200 GR 600 GR ΠΡΟΣΦΟΡΑ 2 + 1 ΔΩΡΟ,2.8,Γαλακτοκομικά & Είδη Ψυγείου,8894039851038.jpg
epidorpio-giaourtiou-me-lemoni-tzintzer-3x200-gr,ΚΡΙ ΚΡΙ,ΕΠΙΔΟΡΠΙΟ ΓΙΑΟΥΡΤΙΟΥ ΜΕ ΛΕΜΟΝΙ & ΤΖΙΝΤΖΕΡ 3Χ200 GR,4.2,Γαλακτοκομικά & Είδη Ψυγείου,8957314596894.jpg
epidorpio-straggistou-giaourtiou-0-me-batomouro-myrtilo-fragkostafylo-kranmperi-2-x-170-gr,ΚΡΙ ΚΡΙ,ΕΠΙΔΟΡΠΙΟ ΣΤΡΑΓΓΙΣΤΟΥ ΓΙΑΟΥΡΤΙΟΥ 0% ΜΕ ΒΑΤΟΜΟΥΡΟ ΜΥΡΤΙΛΟ ΦΡΑΓΚΟΣΤΑΦΥΛΟ ΚΡΑΝΜΠΕΡΙ 2 Χ 170 GR,2.48,Γαλακτοκομικά & Είδη Ψυγείου,8894083661854.jpg
epidorpio-straggistou-giaourtiou-me-rodi-rasmperi-goji-berry-2-x-170-gr,ΚΡΙ ΚΡΙ,ΕΠΙΔΟΡΠΙΟ ΣΤΡΑΓΓΙΣΤΟΥ ΓΙΑΟΥΡΤΙΟΥ ΜΕ ΡΟΔΙ ΡΑΣΜΠΕΡΙ GOJI BERRY 2 Χ 170 GR,2.48,Γαλακτοκομικά & Είδη Ψυγείου,8892616966174.jpg
iaourti-leuko-probeio-paradosiako-250-gr,ΛΕΓΓΑ,ΙΑΟΥΡΤΙ ΛΕΥΚΟ ΠΡΟΒΕΙΟ ΠΑΡΑΔΟΣΙΑΚΟ 250 GR,1.2,Γαλακτοκομικά & Είδη Ψυγείου,8893686120478.jpg
15-lipara-oli-mera-gala-1-lt,ΜΕΒΓΑΛ,1.5 % ΛΙΠΑΡΑ ΟΛΗ ΜΕΡΑ ΓΑΛΑ 1 LT,1.3,Γαλακτοκομικά & Είδη Ψυγείου,8892458041374.jpg
35-lipara-oli-mera-gala-1-lt,ΜΕΒΓΑΛ,3.5 % ΛΙΠΑΡΑ ΟΛΗ ΜΕΡΑ ΓΑΛΑ 1 LT,1.3,Γαλακτοκομικά & Είδη Ψυγείου,8893888036894.jpg
zele-kerasi-3-x-150-gr,ΜΕΒΓΑΛ,ΖΕΛΕ ΚΕΡΑΣΙ 3 Χ 150 GR,2.7,Γαλακτοκομικά & Είδη Ψυγείου,8941360152606.jpg
zele-fraoula-3-x-150-gr,ΜΕΒΓΑΛ,ΖΕΛΕ ΦΡΑΟΥΛΑ 3 Χ 150 GR,2.7,Γαλακτοκομικά & Είδη Ψυγείου,8941358317598.jpg
iaourti-1kgr-050e,ΜΕΒΓΑΛ,ΙΑΟΥΡΤΙ 1KGR 0.50E,3.17,Γαλακτοκομικά & Είδη Ψυγείου,product-no-image.svg
iaourti-1kgr-050e,ΜΕΒΓΑΛ,ΙΑΟΥΡΤΙ 1KGR 0.50E,3.17,Γαλακτοκομικά & Είδη Ψυγείου,product-no-image.svg
iaourti-leuko-agelados-paradosiakou-typou-220-gr,ΜΕΒΓΑΛ,ΙΑΟΥΡΤΙ ΛΕΥΚΟ ΑΓΕΛΑΔΟΣ ΠΑΡΑΔΟΣΙΑΚΟΥ ΤΥΠΟΥ 220 GR,0.85,Γαλακτοκομικά & Είδη Ψυγείου,8892968140830.jpg
iaourti-leuko-aigoprobeio-elafry-220-gr,ΜΕΒΓΑΛ,ΙΑΟΥΡΤΙ ΛΕΥΚΟ ΑΙΓΟΠΡΟΒΕΙΟ ΕΛΑΦΡΥ 220 GR,1.15,Γαλακτοκομικά & Είδη Ψυγείου,8892465446942.jpg
iaourti-leuko-probeio-paradosiakou-typou-300-gr,ΜΕΒΓΑΛ,ΙΑΟΥΡΤΙ ΛΕΥΚΟ ΠΡΟΒΕΙΟ ΠΑΡΑΔΟΣΙΑΚΟΥ ΤΥΠΟΥ 300 GR,1.25,Γαλακτοκομικά & Είδη Ψυγείου,8894162665502.jpg
iaourti-leuko-straggisto-10-lipara-1-kgr,ΜΕΒΓΑΛ,ΙΑΟΥΡΤΙ ΛΕΥΚΟ ΣΤΡΑΓΓΙΣΤΟ 10% ΛΙΠΑΡΑ 1 KGR,3.67,Γαλακτοκομικά & Είδη Ψυγείου,8839191461918.jpg
iaourti-leuko-straggisto-10-lipara-2-x-200-gr,ΜΕΒΓΑΛ,ΙΑΟΥΡΤΙ ΛΕΥΚΟ ΣΤΡΑΓΓΙΣΤΟ 10% ΛΙΠΑΡΑ 2 X 200 GR,3.59,Γαλακτοκομικά & Είδη Ψυγείου,8839174946846.jpg
iaourti-leuko-straggisto-2-lipara-1-kgr,ΜΕΒΓΑΛ,ΙΑΟΥΡΤΙ ΛΕΥΚΟ ΣΤΡΑΓΓΙΣΤΟ 2 % ΛΙΠΑΡΑ 1 KGR,3.67,Γαλακτοκομικά & Είδη Ψυγείου,8839769489438.jpg
iaourti-leuko-straggisto-2-lipara-2-x-200-gr,ΜΕΒΓΑΛ,ΙΑΟΥΡΤΙ ΛΕΥΚΟ ΣΤΡΑΓΓΙΣΤΟ 2% ΛΙΠΑΡΑ 2 X 200 GR,3.59,Γαλακτοκομικά & Είδη Ψυγείου,8837275975710.jpg
kefir-500-ml,ΜΕΒΓΑΛ,ΚΕΦΙΡ 500 ML,1.24,Γαλακτοκομικά & Είδη Ψυγείου,8892267036702.jpg
kefir-me-fraoula-500-ml,ΜΕΒΓΑΛ,ΚΕΦΙΡ ΜΕ ΦΡΑΟΥΛΑ 500 ML,1.33,Γαλακτοκομικά & Είδη Ψυγείου,8893482926110.jpg
pidorpio-giaourtiou-1-milo-stafida-kanela-3-x-200-gr,ΜΕΒΓΑΛ,ΠΙΔΟΡΠΙΟ ΓΙΑΟΥΡΤΙΟΥ 1% ΜΗΛΟ ΣΤΑΦΙΔΑ ΚΑΝΕΛΑ 3 Χ 200 GR,4.2,Γαλακτοκομικά & Είδη Ψυγείου,8941345603614.jpg
riani-1-lt,ΜΕΒΓΑΛ,ΡΙΑΝΙ 1 LT,1.95,Γαλακτοκομικά & Είδη Ψυγείου,8895283626014.jpg
riani-500-ml,ΜΕΒΓΑΛ,ΡΙΑΝΙ 500 ML,1.16,Γαλακτοκομικά & Είδη Ψυγείου,8891994079262.jpg
straggisto-2-3x200gr-1e,ΜΕΒΓΑΛ,ΣΤΡΑΓΓΙΣΤΟ 2% 3Χ200ΓΡ -(1E),2.59,Γαλακτοκομικά & Είδη Ψυγείου,product-no-image.svg
straggisto-3x200gr-1e,ΜΕΒΓΑΛ,ΣΤΡΑΓΓΙΣΤΟ 3Χ200ΓΡ - 1E,2.59,Γαλακτοκομικά & Είδη Ψυγείου,product-no-image.svg
fresko-elafry-1-lt,ΜΕΒΓΑΛ,ΦΡΕΣΚΟ ΕΛΑΦΡΥ 1 LT,1.38,Γαλακτοκομικά & Είδη Ψυγείου,8828955164702.jpg
fresko-plires-1-lt,ΜΕΒΓΑΛ,ΦΡΕΣΚΟ ΠΛΗΡΕΣ 1 LT,1.38,Γαλακτοκομικά & Είδη Ψυγείου,8829110550558.jpg
delta-mof-str-giaourti-2x200gr-10-05e-2x200-gr-050,ΜΙΚΡΕΣ ΟΙΚΟΓΕΝΕΙΑΚΕΣ ΦΑΡΜΕΣ,ΔΕΛΤΑ ΜΟΦ ΣΤΡ ΓΙΑΟΥΡΤΙ 2X200GR 10% 0.5E 2X200 GR -0.50,2,Γαλακτοκομικά & Είδη Ψυγείου,product-no-image.svg
delta-mof-str-giaourti-2x200gr-2-025e-200gr-025,ΜΙΚΡΕΣ ΟΙΚΟΓΕΝΕΙΑΚΕΣ ΦΑΡΜΕΣ,ΔΕΛΤΑ ΜΟΦ ΣΤΡ ΓΙΑΟΥΡΤΙ 2X200GR 2% 0.25E 200GR -0.25,2.25,Γαλακτοκομικά & Είδη Ψυγείου,product-no-image.svg
delta-mof-str-giaourti-2x200gr-2-05e-2x200-gr-050,ΜΙΚΡΕΣ ΟΙΚΟΓΕΝΕΙΑΚΕΣ ΦΑΡΜΕΣ,ΔΕΛΤΑ ΜΟΦ ΣΤΡ ΓΙΑΟΥΡΤΙ 2X200GR 2% 0.5E 2X200 GR -0.50,2,Γαλακτοκομικά & Είδη Ψυγείου,product-no-image.svg
la-1lt-025,ΜΙΚΡΕΣ ΟΙΚΟΓΕΝΕΙΑΚΕΣ ΦΑΡΜΕΣ,ΛΑ 1LT -0.25,1.3,Γαλακτοκομικά & Είδη Ψυγείου,product-no-image.svg
la-1lt-025,ΜΙΚΡΕΣ ΟΙΚΟΓΕΝΕΙΑΚΕΣ ΦΑΡΜΕΣ,ΛΑ 1LT -0.25,1.3,Γαλακτοκομικά & Είδη Ψυγείου,product-no-image.svg
la-2lt-050,ΜΙΚΡΕΣ ΟΙΚΟΓΕΝΕΙΑΚΕΣ ΦΑΡΜΕΣ,ΛΑ 2LT -0.50,2.45,Γαλακτοκομικά & Είδη Ψυγείου,product-no-image.svg
la-2lt-050,ΜΙΚΡΕΣ ΟΙΚΟΓΕΝΕΙΑΚΕΣ ΦΑΡΜΕΣ,ΛΑ 2LT -0.50,2.45,Γαλακτοκομικά & Είδη Ψυγείου,product-no-image.svg
yrti-leuko-straggisto-2-lipara-2-x-200-gr,ΜΙΚΡΕΣ ΟΙΚΟΓΕΝΕΙΑΚΕΣ ΦΑΡΜΕΣ,ΥΡΤΙ ΛΕΥΚΟ ΣΤΡΑΓΓΙΣΤΟ 2% ΛΙΠΑΡΑ 2 X 200 GR,2.5,Γαλακτοκομικά & Είδη Ψυγείου,8894104272926.jpg
gala-ypsilis-pasteriosis-emploutismeno-1-lt,ΝΟΥΝΟΥ | CALCIPLUS,ΓΑΛΑ ΥΨΗΛΗΣ ΠΑΣΤΕΡΙΩΣΗΣ ΕΜΠΛΟΥΤΙΣΜΕΝΟ 1 LT,2.36,Γαλακτοκομικά & Είδη Ψυγείου,8893904912414.jpg
gala-ypsilis-pasteriosis-emploutismeno-15-lt,ΝΟΥΝΟΥ | CALCIPLUS,ΓΑΛΑ ΥΨΗΛΗΣ ΠΑΣΤΕΡΙΩΣΗΣ ΕΜΠΛΟΥΤΙΣΜΕΝΟ 1.5 LT,3.39,Γαλακτοκομικά & Είδη Ψυγείου,8895815680030.jpg
giaourti-leuko-2-lipara-2-x-200-gr,ΝΟΥΝΟΥ | CALCIPLUS,ΓΙΑΟΥΡΤΙ ΛΕΥΚΟ 2% ΛΙΠΑΡΑ 2 Χ 200 GR,2.6,Γαλακτοκομικά & Είδη Ψυγείου,8892928294942.jpg
gala-ypsilis-pasteriosis-0-lipara-1-lt,ΝΟΥΝΟΥ | FAMILY,ΓΑΛΑ ΥΨΗΛΗΣ ΠΑΣΤΕΡΙΩΣΗΣ 0% ΛΙΠΑΡΑ 1 LT,1.67,Γαλακτοκομικά & Είδη Ψυγείου,8975605465118.jpg
gala-ypsilis-pasteriosis-light-1-lt,ΝΟΥΝΟΥ | FAMILY,ΓΑΛΑ ΥΨΗΛΗΣ ΠΑΣΤΕΡΙΩΣΗΣ LIGHT 1 LT,1.45,Γαλακτοκομικά & Είδη Ψυγείου,8975601729566.jpg
gala-ypsilis-pasteriosis-light-15-lt,ΝΟΥΝΟΥ | FAMILY,ΓΑΛΑ ΥΨΗΛΗΣ ΠΑΣΤΕΡΙΩΣΗΣ LIGHT 1.5 LT,2.06,Γαλακτοκομικά & Είδη Ψυγείου,8968446607390.jpg
gala-ypsilis-pasteriosis-plires-1-lt,ΝΟΥΝΟΥ | FAMILY,ΓΑΛΑ ΥΨΗΛΗΣ ΠΑΣΤΕΡΙΩΣΗΣ ΠΛΗΡΕΣ 1 LT,1.45,Γαλακτοκομικά & Είδη Ψυγείου,8975626108958.jpg
gala-ypsilis-pasteriosis-plires-15-lt,ΝΟΥΝΟΥ | FAMILY,ΓΑΛΑ ΥΨΗΛΗΣ ΠΑΣΤΕΡΙΩΣΗΣ ΠΛΗΡΕΣ 1.5 LT,2.06,Γαλακτοκομικά & Είδη Ψυγείου,8968452505630.jpg
gala-ypsilis-pasteriosis-paidiko-1-lt,ΝΟΥΝΟΥ | KID,ΓΑΛΑ ΥΨΗΛΗΣ ΠΑΣΤΕΡΙΩΣΗΣ ΠΑΙΔΙΚΟ 1 LT,1.85,Γαλακτοκομικά & Είδη Ψυγείου,8934897877022.jpg
gala-ypsilis-pasteriosis-paidiko-15-lt,ΝΟΥΝΟΥ | KID,ΓΑΛΑ ΥΨΗΛΗΣ ΠΑΣΤΕΡΙΩΣΗΣ ΠΑΙΔΙΚΟ 1.5 LT,2.7,Γαλακτοκομικά & Είδη Ψυγείου,8894820646942.jpg
gala-ebapore-light-170-gr,ΝΟΥΝΟΥ | LIGHT,ΓΑΛΑ ΕΒΑΠΟΡΕ LIGHT 170 GR,0.53,Γαλακτοκομικά & Είδη Ψυγείου,8891884273694.jpg
gala-ebapore-light-400-gr,ΝΟΥΝΟΥ | LIGHT,ΓΑΛΑ ΕΒΑΠΟΡΕ LIGHT 400 GR,0.92,Γαλακτοκομικά & Είδη Ψυγείου,8895909298206.jpg
gala-ebapore-me-xamila-lipara-6-x-400-gr,ΝΟΥΝΟΥ | LIGHT,ΓΑΛΑ ΕΒΑΠΟΡΕ ΜΕ ΧΑΜΗΛΑ ΛΙΠΑΡΑ 6 X 400 GR,5.51,Γαλακτοκομικά & Είδη Ψυγείου,8894021107742.jpg
gala-ebapore-merides-light-10-x-15-gr,ΝΟΥΝΟΥ | LIGHT,ΓΑΛΑ ΕΒΑΠΟΡΕ ΜΕΡΙΔΕΣ LIGHT 10 X 15 GR,0.95,Γαλακτοκομικά & Είδη Ψυγείου,8895466274846.jpg
boutyro-soft-skafaki-225-gr-070e,ΝΟΥΝΟΥ,ΒΟΥΤΥΡΟ SOFT ΣΚΑΦΑΚΙ 225 GR 0.70E,2.78,Γαλακτοκομικά & Είδη Ψυγείου,8924958720030.jpg
boutyro-paketo-250-gr,ΝΟΥΝΟΥ,ΒΟΥΤΥΡΟ ΠΑΚΕΤΟ 250 GR,3.43,Γαλακτοκομικά & Είδη Ψυγείου,8895500156958.jpg
boutyro-soft-skafaki-225-gr,ΝΟΥΝΟΥ,ΒΟΥΤΥΡΟ ΣΟΦΤ ΣΚΑΦΑΚΙ 225 GR,3.48,Γαλακτοκομικά & Είδη Ψυγείου,8940158353438.jpg
gala-ebapore-6x400gr,ΝΟΥΝΟΥ,ΓΑΛΑ ΕΒΑΠΟΡΕ 6Χ400GR,5.51,Γαλακτοκομικά & Είδη Ψυγείου,8893955932190.jpg
gala-ebapore-geuseis-spitikes-400-gr,ΝΟΥΝΟΥ,ΓΑΛΑ ΕΒΑΠΟΡΕ ΓΕΥΣΕΙΣ ΣΠΙΤΙΚΕΣ 400 GR,0.85,Γαλακτοκομικά & Είδη Ψυγείου,8929852162078.jpg
gala-ebapore-merides-plires-10-x-15-gr,ΝΟΥΝΟΥ,ΓΑΛΑ ΕΒΑΠΟΡΕ ΜΕΡΙΔΕΣ ΠΛΗΡΕΣ 10 Χ 15 GR,0.95,Γαλακτοκομικά & Είδη Ψυγείου,8894392401950.jpg
gala-ebapore-plires-170-gr,ΝΟΥΝΟΥ,ΓΑΛΑ ΕΒΑΠΟΡΕ ΠΛΗΡΕΣ 170 GR,0.53,Γαλακτοκομικά & Είδη Ψυγείου,8894244159518.jpg
gala-ebapore-plires-400-gr,ΝΟΥΝΟΥ,ΓΑΛΑ ΕΒΑΠΟΡΕ ΠΛΗΡΕΣ 400 GR,0.92,Γαλακτοκομικά & Είδη Ψυγείου,8891717255198.jpg
gala-zaxarouxo-397-gr,ΝΟΥΝΟΥ,ΓΑΛΑ ΖΑΧΑΡΟΥΧΟ 397 GR,1.24,Γαλακτοκομικά & Είδη Ψυγείου,8892225486878.jpg
gala-makras-diarkeias-sokalatouxo-choq-250-ml,ΝΟΥΝΟΥ,ΓΑΛΑ ΜΑΚΡΑΣ ΔΙΑΡΚΕΙΑΣ ΣΟΚΑΛΑΤΟΥΧΟ CHOQ 250 ML,0.89,Γαλακτοκομικά & Είδη Ψυγείου,8894793351198.jpg
gala-ypsilis-pasteriosis-paidiko-1-lt,ΝΟΥΝΟΥ,ΓΑΛΑ ΥΨΗΛΗΣ ΠΑΣΤΕΡΙΩΣΗΣ ΠΑΙΔΙΚΟ 1 LT,1.76,Γαλακτοκομικά & Είδη Ψυγείου,8837361500190.jpg
epidorpio-giaourtiou-10-lipara-classic-4-x-200-gr-22dor,ΝΟΥΝΟΥ,ΕΠΙΔΟΡΠΙΟ ΓΙΑΟΥΡΤΙΟΥ 10 % ΛΙΠΑΡΑ CLASSIC 4 X 200 GR 2+2ΔΩΡ,3.09,Γαλακτοκομικά & Είδη Ψυγείου,8968778350622.jpg
epidorpio-giaourtiou-2-lipara-4-x-200-gr-22dor,ΝΟΥΝΟΥ,ΕΠΙΔΟΡΠΙΟ ΓΙΑΟΥΡΤΙΟΥ 2 % ΛΙΠΑΡΑ 4 X 200 GR 2+2ΔΩΡ,3.09,Γαλακτοκομικά & Είδη Ψυγείου,8968782086174.jpg
krema-galaktos-3-x-200ml,ΝΟΥΝΟΥ,ΚΡΕΜΑ ΓΑΛΑΚΤΟΣ 3 Χ 200ML,4.56,Γαλακτοκομικά & Είδη Ψυγείου,8979718930462.jpg
krema-galaktos-3-200-ml,ΝΟΥΝΟΥ,ΚΡΕΜΑ ΓΑΛΑΚΤΟΣ 3% 200 ML,1.24,Γαλακτοκομικά & Είδη Ψυγείου,8976273276958.jpg
krema-galaktos-light-200ml,ΝΟΥΝΟΥ,ΚΡΕΜΑ ΓΑΛΑΚΤΟΣ LIGHT 200ML,1.28,Γαλακτοκομικά & Είδη Ψυγείου,8976277012510.jpg
krema-galaktos-light-3-x-200-ml,ΝΟΥΝΟΥ,ΚΡΕΜΑ ΓΑΛΑΚΤΟΣ LIGHT 3 Χ 200 ML,2.56,Γαλακτοκομικά & Είδη Ψυγείου,8979713425438.jpg
krema-galaktos-telia-3-lipara-3-x-200-ml,ΝΟΥΝΟΥ,ΚΡΕΜΑ ΓΑΛΑΚΤΟΣ TELIA 3% ΛΙΠΑΡΑ 3 X 200 ML,2.48,Γαλακτοκομικά & Είδη Ψυγείου,8979716177950.jpg
krema-galaktos-plires-200-ml,ΝΟΥΝΟΥ,ΚΡΕΜΑ ΓΑΛΑΚΤΟΣ ΠΛΗΡΕΣ 200 ML,2.28,Γαλακτοκομικά & Είδη Ψυγείου,8976289464350.jpg
krema-galaktos-plires-330-ml,ΝΟΥΝΟΥ,ΚΡΕΜΑ ΓΑΛΑΚΤΟΣ ΠΛΗΡΕΣ 330 ML,3.26,Γαλακτοκομικά & Είδη Ψυγείου,8976278585374.jpg
krema-galaktos-pliris-2-x-330ml,ΝΟΥΝΟΥ,ΚΡΕΜΑ ΓΑΛΑΚΤΟΣ ΠΛΗΡΗΣ 2 Χ 330ML,4.52,Γαλακτοκομικά & Είδη Ψυγείου,8979723452446.jpg
santigy-krema-250-gr,ΝΟΥΝΟΥ,ΣΑΝΤΙΓΥ ΚΡΕΜΑ 250 GR,2.6,Γαλακτοκομικά & Είδη Ψυγείου,8895200198686.jpg
straggisto-giaourti-15-3-x-200-gr,ΝΟΥΝΟΥ,ΣΤΡΑΓΓΙΣΤΟ ΓΙΑΟΥΡΤΙ 1.5% 3 X 200 GR,2.18,Γαλακτοκομικά & Είδη Ψυγείου,8976308142110.jpg
straggisto-giaourti-3-x-200-gr,ΝΟΥΝΟΥ,ΣΤΡΑΓΓΙΣΤΟ ΓΙΑΟΥΡΤΙ 3 X 200 GR,2.18,Γαλακτοκομικά & Είδη Ψυγείου,8976305324062.jpg
freskos-xymos-me-aktinidio-kai-prasino-milo-250ml,ΟΙΚΟΓΕΝΕΙΑ ΧΡΙΣΤΟΔΟΥΛΟΥ,ΦΡΕΣΚΟΣ ΧΥΜΟΣ ΜΕ ΑΚΤΙΝΙΔΙΟ ΚΑΙ ΠΡΑΣΙΝΟ ΜΗΛΟ 250ML,2.6,Γαλακτοκομικά & Είδη Ψυγείου,8896327254046.jpg
freskos-xymos-me-stafyli-portokali-kai-karoto-1-lt,ΟΙΚΟΓΕΝΕΙΑ ΧΡΙΣΤΟΔΟΥΛΟΥ,ΦΡΕΣΚΟΣ ΧΥΜΟΣ ΜΕ ΣΤΑΦΥΛΙ ΠΟΡΤΟΚΑΛΙ ΚΑΙ ΚΑΡΟΤΟ 1 LT,2.42,Γαλακτοκομικά & Είδη Ψυγείου,8896327516190.jpg
freskos-xymos-fysikos-axladi-milo-1-lt,ΟΙΚΟΓΕΝΕΙΑ ΧΡΙΣΤΟΔΟΥΛΟΥ,ΦΡΕΣΚΟΣ ΧΥΜΟΣ ΦΥΣΙΚΟΣ ΑΧΛΑΔΙ ΜΗΛΟ 1 LT,2.42,Γαλακτοκομικά & Είδη Ψυγείου,8891622522910.jpg
freskos-xymos-fysikos-damaskino-250-ml,ΟΙΚΟΓΕΝΕΙΑ ΧΡΙΣΤΟΔΟΥΛΟΥ,ΦΡΕΣΚΟΣ ΧΥΜΟΣ ΦΥΣΙΚΟΣ ΔΑΜΑΣΚΗΝΟ 250 ML,2.6,Γαλακτοκομικά & Είδη Ψυγείου,8893978116126.jpg
freskos-xymos-fysikos-portokali-rodi-1-lt,ΟΙΚΟΓΕΝΕΙΑ ΧΡΙΣΤΟΔΟΥΛΟΥ,ΦΡΕΣΚΟΣ ΧΥΜΟΣ ΦΥΣΙΚΟΣ ΠΟΡΤΟΚΑΛΙ ΡΟΔΙ 1 LT,2.52,Γαλακτοκομικά & Είδη Ψυγείου,8893337829406.jpg
freskos-xymos-fysikos-rodi-250-ml,ΟΙΚΟΓΕΝΕΙΑ ΧΡΙΣΤΟΔΟΥΛΟΥ,ΦΡΕΣΚΟΣ ΧΥΜΟΣ ΦΥΣΙΚΟΣ ΡΟΔΙ 250 ML,2.98,Γαλακτοκομικά & Είδη Ψυγείου,8910693007390.jpg
freskos-xymos-fysikos-rodi-milo-karoto-1-lt,ΟΙΚΟΓΕΝΕΙΑ ΧΡΙΣΤΟΔΟΥΛΟΥ,ΦΡΕΣΚΟΣ ΧΥΜΟΣ ΦΥΣΙΚΟΣ ΡΟΔΙ ΜΗΛΟ ΚΑΡΟΤΟ 1 LT,2.52,Γαλακτοκομικά & Είδη Ψυγείου,8894551949342.jpg
giaourti-paidiko-olympoparea-mpanana-2-x-145-gr,ΟΛΥΜΠΟΠΑΡΕΑ,ΓΙΑΟΥΡΤΙ ΠΑΙΔΙΚΟ ΟΛΥΜΠΟΠΑΡΕΑ ΜΠΑΝΑΝΑ 2 X 145 GR,2.48,Γαλακτοκομικά & Είδη Ψυγείου,8969768828958.jpg
giaourti-paidiko-olympoparea-fraoula-2-x-145-gr,ΟΛΥΜΠΟΠΑΡΕΑ,ΓΙΑΟΥΡΤΙ ΠΑΙΔΙΚΟ ΟΛΥΜΠΟΠΑΡΕΑ ΦΡΑΟΥΛΑ 2 X 145 GR,2.48,Γαλακτοκομικά & Είδη Ψυγείου,8969796878366.jpg
gala-ypsilis-pasteriosis-paidiko-biologiko-1-lt,ΟΛΥΜΠΟΣ | 1BIO3,ΓΑΛΑ ΥΨΗΛΗΣ ΠΑΣΤΕΡΙΩΣΗΣ ΠΑΙΔΙΚΟ ΒΙΟΛΟΓΙΚΟ 1 LT,2.38,Γαλακτοκομικά & Είδη Ψυγείου,8946814910494.jpg
gala-ypsilis-pasteriosis-xoris-laktozi-1,ΟΛΥΜΠΟΣ | FREELACT,ΓΑΛΑ ΥΨΗΛΗΣ ΠΑΣΤΕΡΙΩΣΗΣ ΧΩΡΙΣ ΛΑΚΤΟΖΗ 1,2.28,Γαλακτοκομικά & Είδη Ψυγείου,8946832343070.jpg
giaourti-paidiko-mpanana-2-x-145-gr,ΟΛΥΜΠΟΣ | ΒΙΥΟ,ΓΙΑΟΥΡΤΙ ΠΑΙΔΙΚΟ ΜΠΑΝΑΝΑ 2 Χ 145 GR,2.92,Γαλακτοκομικά & Είδη Ψυγείου,8954885734430.jpg
giaourti-paidiko-fraoula-2-x-145-gr,ΟΛΥΜΠΟΣ | ΒΙΥΟ,ΓΙΑΟΥΡΤΙ ΠΑΙΔΙΚΟ ΦΡΑΟΥΛΑ 2 Χ 145 GR,2.92,Γαλακτοκομικά & Είδη Ψυγείου,8954886651934.jpg
ala-fresko-light-1-lt,ΟΛΥΜΠΟΣ | ΕΠΙΛΕΓΜΕΝΟ,ΑΛΑ ΦΡΕΣΚΟ LIGHT 1 LT,1.36,Γαλακτοκομικά & Είδη Ψυγείου,8972822282270.jpg
ala-fresko-plires-1-lt,ΟΛΥΜΠΟΣ | ΕΠΙΛΕΓΜΕΝΟ,ΑΛΑ ΦΡΕΣΚΟ ΠΛΗΡΕΣ 1 LT,1.36,Γαλακτοκομικά & Είδη Ψυγείου,8946692587550.jpg
fresko-gala-epilegmeno-light-15-lt,ΟΛΥΜΠΟΣ | ΕΠΙΛΕΓΜΕΝΟ,ΦΡΕΣΚΟ ΓΑΛΑ ΕΠΙΛΕΓΜΕΝΟ LIGHT 1.5 LT,1.98,Γαλακτοκομικά & Είδη Ψυγείου,8972821037086.jpg
fresko-gala-epilegmeno-plires-15-lt,ΟΛΥΜΠΟΣ | ΕΠΙΛΕΓΜΕΝΟ,ΦΡΕΣΚΟ ΓΑΛΑ ΕΠΙΛΕΓΜΕΝΟ ΠΛΗΡΕΣ 1.5 LT,1.98,Γαλακτοκομικά & Είδη Ψυγείου,8972817629214.jpg
gala-ypsilis-pasteriosis-elafry-05-lt,ΟΛΥΜΠΟΣ | ΖΩΗΣ,ΓΑΛΑ ΥΨΗΛΗΣ ΠΑΣΤΕΡΙΩΣΗΣ ΕΛΑΦΡΥ 0.5 LT,0.9,Γαλακτοκομικά & Είδη Ψυγείου,8946816155678.jpg
gala-ypsilis-pasteriosis-elafry-1-lt,ΟΛΥΜΠΟΣ | ΖΩΗΣ,ΓΑΛΑ ΥΨΗΛΗΣ ΠΑΣΤΕΡΙΩΣΗΣ ΕΛΑΦΡΥ 1 LT,1.55,Γαλακτοκομικά & Είδη Ψυγείου,8946701041694.jpg
gala-ypsilis-pasteriosis-elafry-15-lt,ΟΛΥΜΠΟΣ | ΖΩΗΣ,ΓΑΛΑ ΥΨΗΛΗΣ ΠΑΣΤΕΡΙΩΣΗΣ ΕΛΑΦΡΥ 1.5 LT,2.25,Γαλακτοκομικά & Είδη Ψυγείου,8946698879006.jpg
gala-ypsilis-pasteriosis-plires-05-lt,ΟΛΥΜΠΟΣ | ΖΩΗΣ,ΓΑΛΑ ΥΨΗΛΗΣ ΠΑΣΤΕΡΙΩΣΗΣ ΠΛΗΡΕΣ 0.5 LT,0.9,Γαλακτοκομικά & Είδη Ψυγείου,8946821136414.jpg
gala-ypsilis-pasteriosis-plires-1-lt,ΟΛΥΜΠΟΣ | ΖΩΗΣ,ΓΑΛΑ ΥΨΗΛΗΣ ΠΑΣΤΕΡΙΩΣΗΣ ΠΛΗΡΕΣ 1 LT,1.55,Γαλακτοκομικά & Είδη Ψυγείου,8946717818910.jpg
gala-ypsilis-pasteriosis-plires-15-lt,ΟΛΥΜΠΟΣ | ΖΩΗΣ,ΓΑΛΑ ΥΨΗΛΗΣ ΠΑΣΤΕΡΙΩΣΗΣ ΠΛΗΡΕΣ 1.5 LT,2.25,Γαλακτοκομικά & Είδη Ψυγείου,8972804980766.jpg
soft-meiomena-lipara-225-gr-225-gr,ΟΛΥΜΠΟΣ,SOFT ΜΕΙΩΜΕΝΑ ΛΙΠΑΡΑ 225 GR 225 GR,2.9,Γαλακτοκομικά & Είδη Ψυγείου,8972809306142.jpg
ariani-500-ml,ΟΛΥΜΠΟΣ,ΑΡΙΑΝΙ 500 ML,1.15,Γαλακτοκομικά & Είδη Ψυγείου,8946834505758.jpg
boutyro-galaktos-agelados-paketo-250-gr,ΟΛΥΜΠΟΣ,ΒΟΥΤΥΡΟ ΓΑΛΑΚΤΟΣ ΑΓΕΛΑΔΟΣ ΠΑΚΕΤΟ 250 GR,3.47,Γαλακτοκομικά & Είδη Ψυγείου,8910720270366.jpg
boutyro-galaktos-soft-agelados-80-lipara-230-gr,ΟΛΥΜΠΟΣ,ΒΟΥΤΥΡΟ ΓΑΛΑΚΤΟΣ ΣΟΦΤ ΑΓΕΛΑΔΟΣ 80 % ΛΙΠΑΡΑ 230 GR,3.42,Γαλακτοκομικά & Είδη Ψυγείου,8972830343198.jpg
gala-katsikisio-elafry-15-1-lt,ΟΛΥΜΠΟΣ,ΓΑΛΑ KATΣΙΚΙΣΙΟ ΕΛΑΦΡΥ 1.5% 1 LT,2.38,Γαλακτοκομικά & Είδη Ψυγείου,8946826117150.jpg
gala-katsikisio-biologiko-1bio3-35-lipara-1lt,ΟΛΥΜΠΟΣ,ΓΑΛΑ ΚΑΤΣΙΚΙΣΙΟ ΒΙΟΛΟΓΙΚΟ 1BIO3 3.5% ΛΙΠΑΡΑ 1LT,2.92,Γαλακτοκομικά & Είδη Ψυγείου,8954472169502.jpg
gala-katsikisio-biologiko-35-lipara-1-lt,ΟΛΥΜΠΟΣ,ΓΑΛΑ ΚΑΤΣΙΚΙΣΙΟ ΒΙΟΛΟΓΙΚΟ 3.5 % ΛΙΠΑΡΑ 1 LT,2.68,Γαλακτοκομικά & Είδη Ψυγείου,8954480099358.jpg
gala-ypsilis-pasteriosis-biologiko-elafry-1-lt,ΟΛΥΜΠΟΣ,ΓΑΛΑ ΥΨΗΛΗΣ ΠΑΣΤΕΡΙΩΣΗΣ ΒΙΟΛΟΓΙΚΟ ΕΛΑΦΡΥ 1 LT,2.2,Γαλακτοκομικά & Είδη Ψυγείου,8946715328542.jpg
gala-ypsilis-pasteriosis-biologiko-plires-1-lt,ΟΛΥΜΠΟΣ,ΓΑΛΑ ΥΨΗΛΗΣ ΠΑΣΤΕΡΙΩΣΗΣ ΒΙΟΛΟΓΙΚΟ ΠΛΗΡΕΣ 1 LT,2.2,Γαλακτοκομικά & Είδη Ψυγείου,8946695143454.jpg
gala-fresko-katsikisio-1-lt,ΟΛΥΜΠΟΣ,ΓΑΛΑ ΦΡΕΣΚΟ ΚΑΤΣΙΚΙΣΙΟ 1 LT,2.38,Γαλακτοκομικά & Είδη Ψυγείου,8946835423262.jpg
giaourti-agelados-2-3x170gr,ΟΛΥΜΠΟΣ,ΓΙΑΟΥΡΤΙ ΑΓΕΛΑΔΟΣ 2% 3Χ170ΓΡ,1.92,Γαλακτοκομικά & Είδη Ψυγείου,8920410816542.jpg
giaourti-kefir-1-2-x-150-gr,ΟΛΥΜΠΟΣ,ΓΙΑΟΥΡΤΙ ΚΕΦΙΡ 1% 2 Χ 150 GR,1.92,Γαλακτοκομικά & Είδη Ψυγείου,8962030043166.jpg
giaourti-kefir-aktinidio-kai-bromi-2-x-150-gr,ΟΛΥΜΠΟΣ,ΓΙΑΟΥΡΤΙ ΚΕΦΙΡ ΑΚΤΙΝΙΔΙΟ ΚΑΙ ΒΡΩΜΗ 2 Χ 150 GR,2.26,Γαλακτοκομικά & Είδη Ψυγείου,8962026307614.jpg
giaourti-leuko-10-lipara-1-kgr,ΟΛΥΜΠΟΣ,ΓΙΑΟΥΡΤΙ ΛΕΥΚΟ 10% ΛΙΠΑΡΑ 1 KGR,3.6,Γαλακτοκομικά & Είδη Ψυγείου,8969764175902.jpg
giaourti-leuko-10-straggisto-3-x-200-gr,ΟΛΥΜΠΟΣ,ΓΙΑΟΥΡΤΙ ΛΕΥΚΟ 10% ΣΤΡΑΓΓΙΣΤΟ 3 Χ 200 GR,3.54,Γαλακτοκομικά & Είδη Ψυγείου,8969795633182.jpg
giaourti-leuko-2-lipara-3-x-200-gr,ΟΛΥΜΠΟΣ,ΓΙΑΟΥΡΤΙ ΛΕΥΚΟ 2% ΛΙΠΑΡΑ 3 Χ 200 GR,3.54,Γαλακτοκομικά & Είδη Ψυγείου,8969747922974.jpg
giaourti-leuko-biologiko-2-x-200-gr,ΟΛΥΜΠΟΣ,ΓΙΑΟΥΡΤΙ ΛΕΥΚΟ ΒΙΟΛΟΓΙΚΟ 2 X 200 GR,2.45,Γαλακτοκομικά & Είδη Ψυγείου,8946813665310.jpg
giaourti-leuko-katsikisio-2-x-200-gr,ΟΛΥΜΠΟΣ,ΓΙΑΟΥΡΤΙ ΛΕΥΚΟ ΚΑΤΣΙΚΙΣΙΟ 2 Χ 200 GR,2.36,Γαλακτοκομικά & Είδη Ψυγείου,8946818646046.jpg
giaourti-leuko-straggisto-2-lipara-1-kgr,ΟΛΥΜΠΟΣ,ΓΙΑΟΥΡΤΙ ΛΕΥΚΟ ΣΤΡΑΓΓΙΣΤΟ 2% ΛΙΠΑΡΑ 1 KGR,3.6,Γαλακτοκομικά & Είδη Ψυγείου,8969767583774.jpg
karpos-amygdalo-1lt,ΟΛΥΜΠΟΣ,ΚΑΡΠΟΣ ΑΜΥΓΔΑΛΟ 1LT,2.96,Γαλακτοκομικά & Είδη Ψυγείου,8946817400862.jpg
karpos-amygdalo-xoris-zaxari-1lt,ΟΛΥΜΠΟΣ,ΚΑΡΠΟΣ ΑΜΥΓΔΑΛΟ ΧΩΡΙΣ ΖΑΧΑΡΗ 1LT,2.96,Γαλακτοκομικά & Είδη Ψυγείου,8946824871966.jpg
kefir-500-ml,ΟΛΥΜΠΟΣ,ΚΕΦΙΡ 500 ML,1.28,Γαλακτοκομικά & Είδη Ψυγείου,8969774727198.jpg
krema-galaktos-20-lipara-3-x-200-gr-prosfora-2-1-dor,ΟΛΥΜΠΟΣ,ΚΡΕΜΑ ΓΑΛΑΚΤΟΣ 20 % ΛΙΠΑΡΑ 3 X 200 GR ΠΡΟΣΦΟΡΑ 2 + 1 ΔΩΡ,2.64,Γαλακτοκομικά & Είδη Ψυγείου,8946822381598.jpg
krema-galaktos-35-lipara-3-x-200-gr-prosfora-2-1-dor,ΟΛΥΜΠΟΣ,ΚΡΕΜΑ ΓΑΛΑΚΤΟΣ 35 % ΛΙΠΑΡΑ 3 X 200 GR ΠΡΟΣΦΟΡΑ 2 + 1 ΔΩΡ,4,Γαλακτοκομικά & Είδη Ψυγείου,8946828607518.jpg
rofima-amygdalou-me-kakao-500-ml,ΟΛΥΜΠΟΣ,ΡΟΦΗΜΑ ΑΜΥΓΔΑΛΟΥ ΜΕ ΚΑΚΑΟ 500 ML,1.86,Γαλακτοκομικά & Είδη Ψυγείου,8973120274462.jpg
traggisto-giaourti-2-freelact-2-x-170-gr,ΟΛΥΜΠΟΣ,ΤΡΑΓΓΙΣΤΟ ΓΙΑΟΥΡΤΙ 2% FREELACT 2 X 170 GR,2.54,Γαλακτοκομικά & Είδη Ψυγείου,8942655668254.jpg
freskos-xymos-fysikos-nfc-portokali-1-lt,ΟΛΥΜΠΟΣ,ΦΡΕΣΚΟΣ ΧΥΜΟΣ ΦΥΣΙΚΟΣ NFC ΠΟΡΤΟΚΑΛΙ 1 LT,2.56,Γαλακτοκομικά & Είδη Ψυγείου,8946710675486.jpg
freskos-xymos-fysikos-ellinika-esperidoeidi-1-lt,ΟΛΥΜΠΟΣ,ΦΡΕΣΚΟΣ ΧΥΜΟΣ ΦΥΣΙΚΟΣ ΕΛΛΗΝΙΚΑ ΕΣΠΕΡΙΔΟΕΙΔΗ 1 LT,2.52,Γαλακτοκομικά & Είδη Ψυγείου,8947037896734.jpg
freskos-xymos-fysikos-karoto-milo-portokali-1-lt,ΟΛΥΜΠΟΣ,ΦΡΕΣΚΟΣ ΧΥΜΟΣ ΦΥΣΙΚΟΣ ΚΑΡΟΤΟ ΜΗΛO ΠΟΡΤΟΚΑΛΙ 1 LT,2.44,Γαλακτοκομικά & Είδη Ψυγείου,8946703204382.jpg
freskos-xymos-fysikos-milo-aronia-stafyli-rodi-1-lt,ΟΛΥΜΠΟΣ,ΦΡΕΣΚΟΣ ΧΥΜΟΣ ΦΥΣΙΚΟΣ ΜΗΛΟ ΑΡΩΝΙΑ ΣΤΑΦΥΛΙ ΡΟΔΙ 1 LT,2.52,Γαλακτοκομικά & Είδη Ψυγείου,8946836668446.jpg
freskos-xymos-fysikos-portokali-1-lt,ΟΛΥΜΠΟΣ,ΦΡΕΣΚΟΣ ΧΥΜΟΣ ΦΥΣΙΚΟΣ ΠΟΡΤΟΚΑΛΙ 1 LT,2.17,Γαλακτοκομικά & Είδη Ψυγείου,8946704449566.jpg
freskos-xymos-fysikos-portokali-15-lt,ΟΛΥΜΠΟΣ,ΦΡΕΣΚΟΣ ΧΥΜΟΣ ΦΥΣΙΚΟΣ ΠΟΡΤΟΚΑΛΙ 1.5 LT,3,Γαλακτοκομικά & Είδη Ψυγείου,8946829852702.jpg
freskos-xymos-fysikos-portokali-500-ml,ΟΛΥΜΠΟΣ,ΦΡΕΣΚΟΣ ΧΥΜΟΣ ΦΥΣΙΚΟΣ ΠΟΡΤΟΚΑΛΙ 500 ML,1.27,Γαλακτοκομικά & Είδη Ψυγείου,8946823626782.jpg
freskos-xymos-fysikos-rodakino-milo-1-lt,ΟΛΥΜΠΟΣ,ΦΡΕΣΚΟΣ ΧΥΜΟΣ ΦΥΣΙΚΟΣ ΡΟΔΑΚΙΝΟ ΜΗΛΟ 1 LT,2.4,Γαλακτοκομικά & Είδη Ψυγείου,8954465288222.jpg
freskos-xymos-fysikos-rodi-stafyli-milo-1-lt,ΟΛΥΜΠΟΣ,ΦΡΕΣΚΟΣ ΧΥΜΟΣ ΦΥΣΙΚΟΣ ΡΟΔΙ ΣΤΑΦΥΛΙ ΜΗΛΟ 1 LT,2.52,Γαλακτοκομικά & Είδη Ψυγείου,8946697633822.jpg
fysikos-xymos-frouta-1-lt,ΟΛΥΜΠΟΣ,ΦΥΣΙΚΟΣ ΧΥΜΟΣ ΦΡΟΥΤΑ 1 LT,2.52,Γαλακτοκομικά & Είδη Ψυγείου,8961044217886.jpg
giaourti-leuko-agelados-2-lipara-pnoi-3-x-170-gr,ΠΝΟΗ,ΓΙΑΟΥΡΤΙ ΛΕΥΚΟ ΑΓΕΛΑΔΟΣ 2 % ΛΙΠΑΡΑ ΠΝΟΗ 3 Χ 170 GR,2.55,Γαλακτοκομικά & Είδη Ψυγείου,8973131546654.jpg
freskos-xymos-nektar-rodi-100-300-ml,ΡΟΔΙΟΝ,ΦΡΕΣΚΟΣ ΧΥΜΟΣ ΝΕΚΤΑΡ ΡΟΔΙ 100% 300 ML,2.98,Γαλακτοκομικά & Είδη Ψυγείου,8891615576094.jpg
freskos-xymos-nektar-rodi-100-me-stebia-300-ml,ΡΟΔΙΟΝ,ΦΡΕΣΚΟΣ ΧΥΜΟΣ ΝΕΚΤΑΡ ΡΟΔΙ 100% ΜΕ ΣΤΕΒΙΑ 300 ML,2.48,Γαλακτοκομικά & Είδη Ψυγείου,8894241472542.jpg
beio-paradosiako-giaourti-240-gr,ΡΟΔΟΠΗ,ΒΕΙΟ ΠΑΡΑΔΟΣΙΑΚΟ ΓΙΑΟΥΡΤΙ 240 GR,0.98,Γαλακτοκομικά & Είδη Ψυγείου,8979985563678.jpg
katsikisio-gala-15-1-lt,ΡΟΔΟΠΗ,ΚΑΤΣΙΚΙΣΙΟ ΓΑΛΑ 1.5% 1 LT,2.3,Γαλακτοκομικά & Είδη Ψυγείου,8980004569118.jpg
katsikisio-gala-plires-1lt,ΡΟΔΟΠΗ,ΚΑΤΣΙΚΙΣΙΟ ΓΑΛΑ ΠΛΗΡΕΣ 1LT,2.3,Γαλακτοκομικά & Είδη Ψυγείου,8980006141982.jpg
katsikisio-giaourti-240-gr,ΡΟΔΟΠΗ,ΚΑΤΣΙΚΙΣΙΟ ΓΙΑΟΥΡΤΙ 240 GR,1.06,Γαλακτοκομικά & Είδη Ψυγείου,8980008960030.jpg
ytyro-galaktos-liomeno-500-gr,ΣΑΒΟΙ,ΥΤΥΡΟ ΓΑΛΑΚΤΟΣ ΛΙΩΜΕΝΟ 500 GR,8.66,Γαλακτοκομικά & Είδη Ψυγείου,8895847399454.jpg
giaourt-1kgr-070e,ΣΠΙΤΙΚΟ,ΓΙΑΟΥΡΤ 1KGR 0.70E,2.6,Γαλακτοκομικά & Είδη Ψυγείου,product-no-image.svg
giaourti-1kgr-070e,ΣΠΙΤΙΚΟ,ΓΙΑΟΥΡΤΙ 1KGR 0.70E,2.6,Γαλακτοκομικά & Είδη Ψυγείου,product-no-image.svg
krema-galaktos-2-x-330ml,ΦΑΓΕ,ΚΡΕΜΑ ΓΑΛΑΚΤΟΣ 2 Χ 330ML,4.44,Γαλακτοκομικά & Είδη Ψυγείου,8955103739934.jpg
krema-galaktos-3-x-200-ml,ΦΑΓΕ,ΚΡΕΜΑ ΓΑΛΑΚΤΟΣ 3 X 200 ML,6.95,Γαλακτοκομικά & Είδη Ψυγείου,8942685683742.jpg
krema-galaktos-3-x-200-ml,ΦΑΓΕ,ΚΡΕΜΑ ΓΑΛΑΚΤΟΣ 3 X 200 ML,7.24,Γαλακτοκομικά & Είδη Ψυγείου,8942656913438.jpg
krema-galaktos-3-x-200ml,ΦΑΓΕ,ΚΡΕΜΑ ΓΑΛΑΚΤΟΣ 3 Χ 200ML,3.95,Γαλακτοκομικά & Είδη Ψυγείου,8955197882398.jpg
krema-galaktos-330-ml,ΦΑΓΕ,ΚΡΕΜΑ ΓΑΛΑΚΤΟΣ 330 ML,3.61,Γαλακτοκομικά & Είδη Ψυγείου,8955097841694.jpg
krema-galaktos-light-330-ml,ΦΑΓΕ,ΚΡΕΜΑ ΓΑΛΑΚΤΟΣ LIGHT 330 ML,2.21,Γαλακτοκομικά & Είδη Ψυγείου,8955100332062.jpg
giaourti-agelados-700-gr-700-gr,ΦΑΡΜΑ ΚΟΥΚΑΚΗ,ΓΙΑΟΥΡΤΙ ΑΓΕΛΑΔΟΣ 700 GR 700 GR,2.48,Γαλακτοκομικά & Είδη Ψυγείου,8894212046878.jpg
margarini-classic-me-boutyro-paketo-250-gr,ΦΑΣΤ,ΜΑΡΓΑΡΙΝΗ CLASSIC ΜΕ ΒΟΥΤΥΡΟ ΠΑΚΕΤΟ 250 GR,2.47,Γαλακτοκομικά & Είδη Ψυγείου,8970014326814.jpg
margarini-classic-paketo-250-gr,ΦΑΣΤ,ΜΑΡΓΑΡΙΝΗ CLASSIC ΠΑΚΕΤΟ 250 GR,1.05,Γαλακτοκομικά & Είδη Ψυγείου,8970022060062.jpg
margarini-soft-me-boutyro-kypelo-250-gr,ΦΑΣΤ,ΜΑΡΓΑΡΙΝΗ SOFT ΜΕ ΒΟΥΤΥΡΟ ΚΥΠΕΛΟ 250 GR,2.38,Γαλακτοκομικά & Είδη Ψυγείου,8970015244318.jpg
margarini-me-boutyro-325-gr-paketo-250-gr-75-gr-doro,ΦΑΣΤ,ΜΑΡΓΑΡΙΝΗ ΜΕ ΒΟΥΤΥΡΟ 325 GR ΠΑΚΕΤΟ 250 GR + 75 GR ΔΩΡΟ,2.47,Γαλακτοκομικά & Είδη Ψυγείου,8892951035934.jpg
margarini-me-boutyro-light-250-gr,ΦΑΣΤ,ΜΑΡΓΑΡΙΝΗ ΜΕ ΒΟΥΤΥΡΟ LIGHT 250 GR,2.35,Γαλακτοκομικά & Είδη Ψυγείου,8970016489502.jpg
margarini-soft-250-gr,ΦΑΣΤ,ΜΑΡΓΑΡΙΝΗ ΣΟΦΤ 250 GR,1.25,Γαλακτοκομικά & Είδη Ψυγείου,8970020814878.jpg
margarini-soft-500-gr,ΦΑΣΤ,ΜΑΡΓΑΡΙΝΗ ΣΟΦΤ 500 GR,2.25,Γαλακτοκομικά & Είδη Ψυγείου,8970017734686.jpg
margarini-soft-me-boutyro-325-gr-kypello-250-gr-75-gr-doro,ΦΑΣΤ,ΜΑΡΓΑΡΙΝΗ ΣΟΦΤ ΜΕ ΒΟΥΤΥΡΟ 325 GR ΚΥΠΕΛΛΟ 250 GR + 75 GR ΔΩΡΟ,2.38,Γαλακτοκομικά & Είδη Ψυγείου,8894211293214.jpg
biologika-large-6373-gr-4-tem,ΧΡΥΣΑ ΑΥΓΑ,ΒΙΟΛΟΓΙΚΑ LARGE 63/73 GR 4 ΤΕΜ,3.28,Γαλακτοκομικά & Είδη Ψυγείου,8968789819422.jpg
biologika-medium-5363-gr-6-tem,ΧΡΥΣΑ ΑΥΓΑ,ΒΙΟΛΟΓΙΚΑ MEDIUM 53/63 GR 6 ΤΕΜ,3.97,Γαλακτοκομικά & Είδη Ψυγείου,8968779923486.jpg
biologika-o3-kai-elaiolado-medium-5363-gr-4-tem,ΧΡΥΣΑ ΑΥΓΑ,ΒΙΟΛΟΓΙΚΑ Ω3 ΚΑΙ ΕΛΑΙΟΛΑΔΟ MEDIUM 53/63 GR 4 ΤΕΜ,3.28,Γαλακτοκομικά & Είδη Ψυγείου,8895445893150.jpg
eleuth-boskis-o3-meiom-xol-53g-6ada-050-6ada-50,ΧΡΥΣΑ ΑΥΓΑ,ΕΛΕΥΘ ΒΟΣΚΗΣ Ω3 ΜΕΙΩΜ ΧΟΛ 53+G 6ΑΔΑ -0.50 6ΑΔΑ -50,2.97,Γαλακτοκομικά & Είδη Ψυγείου,product-no-image.svg
eleutheras-boskis-6-tem,ΧΡΥΣΑ ΑΥΓΑ,ΕΛΕΥΘΕΡΑΣ ΒΟΣΚΗΣ 6 ΤΕΜ,3.47,Γαλακτοκομικά & Είδη Ψυγείου,8939575803934.jpg
ellinika-small-6-tem,ΧΡΥΣΑ ΑΥΓΑ,ΕΛΛΗΝΙΚΑ SMALL 6 ΤΕΜ,1.3,Γαλακτοκομικά & Είδη Ψυγείου,8892080259102.jpg
eksairetika-freska-large-6373-gr-6-tem,ΧΡΥΣΑ ΑΥΓΑ,ΕΞΑΙΡΕΤΙΚΑ ΦΡΕΣΚΑ LARGE 63/73 GR 6 ΤΕΜ,2.35,Γαλακτοκομικά & Είδη Ψυγείου,8903854850078.jpg
eksairetika-freska-medium-5363-gr-4-tem,ΧΡΥΣΑ ΑΥΓΑ,ΕΞΑΙΡΕΤΙΚΑ ΦΡΕΣΚΑ MEDIUM 53/63 GR 4 ΤΕΜ,1.59,Γαλακτοκομικά & Είδη Ψυγείου,8946708185118.jpg
eksairetika-freska-medium-5363-gr-6-tem,ΧΡΥΣΑ ΑΥΓΑ,ΕΞΑΙΡΕΤΙΚΑ ΦΡΕΣΚΑ MEDIUM 53/63 GR 6 ΤΕΜ,2.29,Γαλακτοκομικά & Είδη Ψυγείου,8892523216926.jpg
leuka-795-gr-15-tem,ΧΡΥΣΑ ΑΥΓΑ,ΛΕΥΚΑ 795 GR 15 ΤΕΜ,3.3,Γαλακτοκομικά & Είδη Ψυγείου,8894956765214.jpg
pasteriomeno-aspradi-apo-nopo-pasteriomeno-augo-500-gr,ΧΡΥΣΑ ΑΥΓΑ,ΠΑΣΤΕΡΙΩΜΕΝΟ ΑΣΠΡΑΔΙ ΑΠΟ ΝΩΠΟ ΠΑΣΤΕΡΙΩΜΕΝΟ ΑΥΓΟ 500 GR,2.7,Γαλακτοκομικά & Είδη Ψυγείου,8894482055198.jpg
boutyro-agelados-analato-225-gr-225-gr,ΧΩΡΙΟ,ΒΟΥΤΥΡΟ ΑΓΕΛΑΔΟΣ ΑΝΑΛΑΤΟ 225 GR 225 GR,3.46,Γαλακτοκομικά & Είδη Ψυγείου,8896300351518.jpg
boutyro-galaktos-agelados-biologiko-225-gr,ΧΩΡΙΟ,ΒΟΥΤΥΡΟ ΓΑΛΑΚΤΟΣ ΑΓΕΛΑΔΟΣ ΒΙΟΛΟΓΙΚΟ 225 GR,3.62,Γαλακτοκομικά & Είδη Ψυγείου,8892207333406.jpg
boutyro-galaktos-agelados-paketo-250-gr,ΧΩΡΙΟ,ΒΟΥΤΥΡΟ ΓΑΛΑΚΤΟΣ ΑΓΕΛΑΔΟΣ ΠΑΚΕΤΟ 250 GR,3.64,Γαλακτοκομικά & Είδη Ψυγείου,8892251930654.jpg
boutyro-galaktos-typou-kerkyras-paketo-250-gr,ΧΩΡΙΟ,ΒΟΥΤΥΡΟ ΓΑΛΑΚΤΟΣ ΤΥΠΟΥ ΚΕΡΚΥΡΑΣ ΠΑΚΕΤΟ 250 GR,3.9,Γαλακτοκομικά & Είδη Ψυγείου,8892186853406.jpg
boutyro-kerkyras-skafaki-225-gr,ΧΩΡΙΟ,ΒΟΥΤΥΡΟ ΚΕΡΚΥΡΑΣ ΣΚΑΦΑΚΙ 225 GR,3.76,Γαλακτοκομικά & Είδη Ψυγείου,8954934427678.jpg
margarini-me-elaiolado-bio-225-gr,ΧΩΡΙΟ,ΜΑΡΓΑΡΙΝΗ ΜΕ ΕΛΑΙΟΛΑΔΟ ΒΙΟ 225 GR,2.92,Γαλακτοκομικά & Είδη Ψυγείου,8954843660318.jpg
margarini-me-elaiolado-paketo-250-gr,ΧΩΡΙΟ,ΜΑΡΓΑΡΙΝΗ ΜΕ ΕΛΑΙΟΛΑΔΟ ΠΑΚΕΤΟ 250 GR,1.26,Γαλακτοκομικά & Είδη Ψυγείου,8894026645534.jpg
margarini-soft-me-elaiolado-250-gr,ΧΩΡΙΟ,ΜΑΡΓΑΡΙΝΗ ΣΟΦΤ ΜΕ ΕΛΑΙΟΛΑΔΟ 250 GR,2.08,Γαλακτοκομικά & Είδη Ψυγείου,8895354503198.jpg